instance,num_var,density,velox_energy,gap,runtime_velox
tile_planting_2D_L_10_p1_0.0_p2_0.0_p3_0.0_inst_10_sparse.h5,100,0.04,-100.0,0.0,0.109428996
tile_planting_2D_L_10_p1_0.0_p2_0.0_p3_0.0_inst_1_sparse.h5,100,0.04,-100.0,0.0,0.176549282
tile_planting_2D_L_10_p1_0.0_p2_0.0_p3_0.0_inst_2_sparse.h5,100,0.04,-100.0,0.0,0.135412254
tile_planting_2D_L_10_p1_0.0_p2_0.0_p3_0.0_inst_3_sparse.h5,100,0.04,-100.0,0.0,0.12202229
tile_planting_2D_L_10_p1_0.0_p2_0.0_p3_0.0_inst_4_sparse.h5,100,0.04,-100.0,0.0,0.121757874
tile_planting_2D_L_10_p1_0.0_p2_0.0_p3_0.0_inst_5_sparse.h5,100,0.04,-100.0,0.0,0.12088233
tile_planting_2D_L_10_p1_0.0_p2_0.0_p3_0.0_inst_6_sparse.h5,100,0.04,-100.0,0.0,0.119897437
tile_planting_2D_L_10_p1_0.0_p2_0.0_p3_0.0_inst_7_sparse.h5,100,0.04,-100.0,0.0,0.123952285
tile_planting_2D_L_10_p1_0.0_p2_0.0_p3_0.0_inst_8_sparse.h5,100,0.04,-100.0,0.0,0.123435741
tile_planting_2D_L_10_p1_0.0_p2_0.0_p3_0.0_inst_9_sparse.h5,100,0.04,-100.0,0.0,0.129153446
tile_planting_2D_L_10_p1_0.0_p2_0.1_p3_0.0_inst_10_sparse.h5,100,0.04,-108.0,0.0,0.128180565
tile_planting_2D_L_10_p1_0.0_p2_0.1_p3_0.0_inst_1_sparse.h5,100,0.04,-114.0,0.0,0.135888344
tile_planting_2D_L_10_p1_0.0_p2_0.1_p3_0.0_inst_2_sparse.h5,100,0.04,-108.0,0.0,0.123434586
tile_planting_2D_L_10_p1_0.0_p2_0.1_p3_0.0_inst_3_sparse.h5,100,0.04,-110.0,0.0,0.121131567
tile_planting_2D_L_10_p1_0.0_p2_0.1_p3_0.0_inst_4_sparse.h5,100,0.04,-116.0,0.0,0.123014028
tile_planting_2D_L_10_p1_0.0_p2_0.1_p3_0.0_inst_5_sparse.h5,100,0.04,-112.0,0.0,0.12830253
tile_planting_2D_L_10_p1_0.0_p2_0.1_p3_0.0_inst_6_sparse.h5,100,0.04,-124.0,0.0,0.124594024
tile_planting_2D_L_10_p1_0.0_p2_0.1_p3_0.0_inst_7_sparse.h5,100,0.04,-102.0,0.0,0.126214245
tile_planting_2D_L_10_p1_0.0_p2_0.1_p3_0.0_inst_8_sparse.h5,100,0.04,-112.0,0.0,0.128997431
tile_planting_2D_L_10_p1_0.0_p2_0.1_p3_0.0_inst_9_sparse.h5,100,0.04,-112.0,0.0,0.122946518
tile_planting_2D_L_10_p1_0.0_p2_0.2_p3_0.0_inst_10_sparse.h5,100,0.04,-122.0,0.0,0.126929134
tile_planting_2D_L_10_p1_0.0_p2_0.2_p3_0.0_inst_1_sparse.h5,100,0.04,-138.0,0.0,0.128289195
tile_planting_2D_L_10_p1_0.0_p2_0.2_p3_0.0_inst_2_sparse.h5,100,0.04,-124.0,0.0,0.126546616
tile_planting_2D_L_10_p1_0.0_p2_0.2_p3_0.0_inst_3_sparse.h5,100,0.04,-120.0,0.0,0.122140088
tile_planting_2D_L_10_p1_0.0_p2_0.2_p3_0.0_inst_4_sparse.h5,100,0.04,-136.0,0.0,0.123741729
tile_planting_2D_L_10_p1_0.0_p2_0.2_p3_0.0_inst_5_sparse.h5,100,0.04,-130.0,0.0,0.122535985
tile_planting_2D_L_10_p1_0.0_p2_0.2_p3_0.0_inst_6_sparse.h5,100,0.04,-116.0,0.0,0.124815239
tile_planting_2D_L_10_p1_0.0_p2_0.2_p3_0.0_inst_7_sparse.h5,100,0.04,-124.0,0.0,0.130397252
tile_planting_2D_L_10_p1_0.0_p2_0.2_p3_0.0_inst_8_sparse.h5,100,0.04,-122.0,0.0,0.129102647
tile_planting_2D_L_10_p1_0.0_p2_0.2_p3_0.0_inst_9_sparse.h5,100,0.04,-124.0,0.0,0.107201041
tile_planting_2D_L_10_p1_0.0_p2_0.8_p3_0.0_inst_10_sparse.h5,100,0.04,-182.0,0.0,0.12998164
tile_planting_2D_L_10_p1_0.0_p2_0.8_p3_0.0_inst_1_sparse.h5,100,0.04,-172.0,0.0,0.134240208
tile_planting_2D_L_10_p1_0.0_p2_0.8_p3_0.0_inst_2_sparse.h5,100,0.04,-184.0,0.0,0.129283406
tile_planting_2D_L_10_p1_0.0_p2_0.8_p3_0.0_inst_3_sparse.h5,100,0.04,-184.0,0.0,0.133969223
tile_planting_2D_L_10_p1_0.0_p2_0.8_p3_0.0_inst_4_sparse.h5,100,0.04,-170.0,0.0,0.106549221
tile_planting_2D_L_10_p1_0.0_p2_0.8_p3_0.0_inst_5_sparse.h5,100,0.04,-176.0,0.0,0.137359387
tile_planting_2D_L_10_p1_0.0_p2_0.8_p3_0.0_inst_6_sparse.h5,100,0.04,-188.0,0.0,0.13425743
tile_planting_2D_L_10_p1_0.0_p2_0.8_p3_0.0_inst_7_sparse.h5,100,0.04,-174.0,0.0,0.140809105
tile_planting_2D_L_10_p1_0.0_p2_0.8_p3_0.0_inst_8_sparse.h5,100,0.04,-184.0,0.0,0.104881366
tile_planting_2D_L_10_p1_0.0_p2_0.8_p3_0.0_inst_9_sparse.h5,100,0.04,-184.0,0.0,0.137498983
tile_planting_2D_L_10_p1_0.0_p2_0.9_p3_0.0_inst_10_sparse.h5,100,0.04,-184.0,0.0,0.143823364
tile_planting_2D_L_10_p1_0.0_p2_0.9_p3_0.0_inst_1_sparse.h5,100,0.04,-192.0,0.0,0.104775054
tile_planting_2D_L_10_p1_0.0_p2_0.9_p3_0.0_inst_2_sparse.h5,100,0.04,-198.0,0.0,0.130900875
tile_planting_2D_L_10_p1_0.0_p2_0.9_p3_0.0_inst_3_sparse.h5,100,0.04,-188.0,0.0,0.138541951
tile_planting_2D_L_10_p1_0.0_p2_0.9_p3_0.0_inst_4_sparse.h5,100,0.04,-192.0,0.0,0.105613143
tile_planting_2D_L_10_p1_0.0_p2_0.9_p3_0.0_inst_5_sparse.h5,100,0.04,-190.0,0.0,0.140420311
tile_planting_2D_L_10_p1_0.0_p2_0.9_p3_0.0_inst_6_sparse.h5,100,0.04,-188.0,0.0,0.143172595
tile_planting_2D_L_10_p1_0.0_p2_0.9_p3_0.0_inst_7_sparse.h5,100,0.04,-192.0,0.0,0.105529908
tile_planting_2D_L_10_p1_0.0_p2_0.9_p3_0.0_inst_8_sparse.h5,100,0.04,-194.0,0.0,0.140852292
tile_planting_2D_L_10_p1_0.0_p2_0.9_p3_0.0_inst_9_sparse.h5,100,0.04,-186.0,0.0,0.109535318
tile_planting_2D_L_10_p1_0.0_p2_1.0_p3_0.0_inst_10_sparse.h5,100,0.04,-200.0,0.0,0.141093824
tile_planting_2D_L_10_p1_0.0_p2_1.0_p3_0.0_inst_1_sparse.h5,100,0.04,-200.0,0.0,0.11025787
tile_planting_2D_L_10_p1_0.0_p2_1.0_p3_0.0_inst_2_sparse.h5,100,0.04,-200.0,0.0,0.102410656
tile_planting_2D_L_10_p1_0.0_p2_1.0_p3_0.0_inst_3_sparse.h5,100,0.04,-200.0,0.0,0.144839388
tile_planting_2D_L_10_p1_0.0_p2_1.0_p3_0.0_inst_4_sparse.h5,100,0.04,-200.0,0.0,0.106457083
tile_planting_2D_L_10_p1_0.0_p2_1.0_p3_0.0_inst_5_sparse.h5,100,0.04,-200.0,0.0,0.138806638
tile_planting_2D_L_10_p1_0.0_p2_1.0_p3_0.0_inst_6_sparse.h5,100,0.04,-200.0,0.0,0.109723501
tile_planting_2D_L_10_p1_0.0_p2_1.0_p3_0.0_inst_7_sparse.h5,100,0.04,-200.0,0.0,0.149941321
tile_planting_2D_L_10_p1_0.0_p2_1.0_p3_0.0_inst_8_sparse.h5,100,0.04,-200.0,0.0,0.143437417
tile_planting_2D_L_10_p1_0.0_p2_1.0_p3_0.0_inst_9_sparse.h5,100,0.04,-200.0,0.0,0.122456891
tile_planting_2D_L_20_p1_0.0_p2_0.0_p3_0.0_inst_10_sparse.h5,400,0.01,-400.0,0.0,0.256529741
tile_planting_2D_L_20_p1_0.0_p2_0.0_p3_0.0_inst_1_sparse.h5,400,0.01,-400.0,0.0,0.23485352
tile_planting_2D_L_20_p1_0.0_p2_0.0_p3_0.0_inst_2_sparse.h5,400,0.01,-400.0,0.0,0.288957927
tile_planting_2D_L_20_p1_0.0_p2_0.0_p3_0.0_inst_3_sparse.h5,400,0.01,-400.0,0.0,0.2329791
tile_planting_2D_L_20_p1_0.0_p2_0.0_p3_0.0_inst_4_sparse.h5,400,0.01,-400.0,0.0,0.268105637
tile_planting_2D_L_20_p1_0.0_p2_0.0_p3_0.0_inst_5_sparse.h5,400,0.01,-400.0,0.0,0.27135332
tile_planting_2D_L_20_p1_0.0_p2_0.0_p3_0.0_inst_6_sparse.h5,400,0.01,-400.0,0.0,0.233869908
tile_planting_2D_L_20_p1_0.0_p2_0.0_p3_0.0_inst_7_sparse.h5,400,0.01,-400.0,0.0,0.257930944
tile_planting_2D_L_20_p1_0.0_p2_0.0_p3_0.0_inst_8_sparse.h5,400,0.01,-400.0,0.0,0.233218278
tile_planting_2D_L_20_p1_0.0_p2_0.0_p3_0.0_inst_9_sparse.h5,400,0.01,-400.0,0.0,0.280927575
tile_planting_2D_L_20_p1_0.0_p2_0.1_p3_0.0_inst_10_sparse.h5,400,0.01,-454.0,0.0,0.276659023
tile_planting_2D_L_20_p1_0.0_p2_0.1_p3_0.0_inst_1_sparse.h5,400,0.01,-436.0,0.0,0.234828133
tile_planting_2D_L_20_p1_0.0_p2_0.1_p3_0.0_inst_2_sparse.h5,400,0.01,-448.0,0.0,0.263790779
tile_planting_2D_L_20_p1_0.0_p2_0.1_p3_0.0_inst_3_sparse.h5,400,0.01,-434.0,0.0,0.280193333
tile_planting_2D_L_20_p1_0.0_p2_0.1_p3_0.0_inst_4_sparse.h5,400,0.01,-428.0,0.0,0.233749604
tile_planting_2D_L_20_p1_0.0_p2_0.1_p3_0.0_inst_5_sparse.h5,400,0.01,-436.0,0.0,0.259940902
tile_planting_2D_L_20_p1_0.0_p2_0.1_p3_0.0_inst_6_sparse.h5,400,0.01,-444.0,0.0,0.232917656
tile_planting_2D_L_20_p1_0.0_p2_0.1_p3_0.0_inst_7_sparse.h5,400,0.01,-434.0,0.0,0.301765936
tile_planting_2D_L_20_p1_0.0_p2_0.1_p3_0.0_inst_8_sparse.h5,400,0.01,-446.0,0.0,0.273571807
tile_planting_2D_L_20_p1_0.0_p2_0.1_p3_0.0_inst_9_sparse.h5,400,0.01,-440.0,0.0,0.233712423
tile_planting_2D_L_20_p1_0.0_p2_0.2_p3_0.0_inst_10_sparse.h5,400,0.01,-460.0,0.0,0.262531479
tile_planting_2D_L_20_p1_0.0_p2_0.2_p3_0.0_inst_1_sparse.h5,400,0.01,-492.0,0.0,0.232507942
tile_planting_2D_L_20_p1_0.0_p2_0.2_p3_0.0_inst_2_sparse.h5,400,0.01,-456.0,0.0,0.300882939
tile_planting_2D_L_20_p1_0.0_p2_0.2_p3_0.0_inst_3_sparse.h5,400,0.01,-488.0,0.0,0.286221944
tile_planting_2D_L_20_p1_0.0_p2_0.2_p3_0.0_inst_4_sparse.h5,400,0.01,-466.0,0.0,0.233517796
tile_planting_2D_L_20_p1_0.0_p2_0.2_p3_0.0_inst_5_sparse.h5,400,0.01,-506.0,0.0,0.252006215
tile_planting_2D_L_20_p1_0.0_p2_0.2_p3_0.0_inst_6_sparse.h5,400,0.01,-478.0,0.0,0.279731968
tile_planting_2D_L_20_p1_0.0_p2_0.2_p3_0.0_inst_7_sparse.h5,400,0.01,-482.0,0.0,0.233834954
tile_planting_2D_L_20_p1_0.0_p2_0.2_p3_0.0_inst_8_sparse.h5,400,0.01,-470.0,0.0,0.248729281
tile_planting_2D_L_20_p1_0.0_p2_0.2_p3_0.0_inst_9_sparse.h5,400,0.01,-492.0,0.0,0.23340992
tile_planting_2D_L_20_p1_0.0_p2_0.8_p3_0.0_inst_10_sparse.h5,400,0.01,-728.0,0.0,0.232747471
tile_planting_2D_L_20_p1_0.0_p2_0.8_p3_0.0_inst_1_sparse.h5,400,0.01,-730.0,0.0,0.295340793
tile_planting_2D_L_20_p1_0.0_p2_0.8_p3_0.0_inst_2_sparse.h5,400,0.01,-742.0,0.0,0.232696332
tile_planting_2D_L_20_p1_0.0_p2_0.8_p3_0.0_inst_3_sparse.h5,400,0.01,-722.0,0.0,0.257553677
tile_planting_2D_L_20_p1_0.0_p2_0.8_p3_0.0_inst_4_sparse.h5,400,0.01,-710.0,0.0,0.233336962
tile_planting_2D_L_20_p1_0.0_p2_0.8_p3_0.0_inst_5_sparse.h5,400,0.01,-740.0,0.0,0.278922424
tile_planting_2D_L_20_p1_0.0_p2_0.8_p3_0.0_inst_6_sparse.h5,400,0.01,-722.0,0.0,0.278038447
tile_planting_2D_L_20_p1_0.0_p2_0.8_p3_0.0_inst_7_sparse.h5,400,0.01,-746.0,0.0,0.232719513
tile_planting_2D_L_20_p1_0.0_p2_0.8_p3_0.0_inst_8_sparse.h5,400,0.01,-716.0,0.0,0.260065904
tile_planting_2D_L_20_p1_0.0_p2_0.8_p3_0.0_inst_9_sparse.h5,400,0.01,-730.0,0.0,0.237144336
tile_planting_2D_L_20_p1_0.0_p2_0.9_p3_0.0_inst_10_sparse.h5,400,0.01,-742.0,0.0,0.27747789
tile_planting_2D_L_20_p1_0.0_p2_0.9_p3_0.0_inst_1_sparse.h5,400,0.01,-764.0,0.0,0.232241509
tile_planting_2D_L_20_p1_0.0_p2_0.9_p3_0.0_inst_2_sparse.h5,400,0.01,-776.0,0.0,0.235720211
tile_planting_2D_L_20_p1_0.0_p2_0.9_p3_0.0_inst_3_sparse.h5,400,0.01,-754.0,0.0,0.302114483
tile_planting_2D_L_20_p1_0.0_p2_0.9_p3_0.0_inst_4_sparse.h5,400,0.01,-780.0,0.0,0.233049119
tile_planting_2D_L_20_p1_0.0_p2_0.9_p3_0.0_inst_5_sparse.h5,400,0.01,-764.0,0.0,0.275373531
tile_planting_2D_L_20_p1_0.0_p2_0.9_p3_0.0_inst_6_sparse.h5,400,0.01,-754.0,0.0,0.274291311
tile_planting_2D_L_20_p1_0.0_p2_0.9_p3_0.0_inst_7_sparse.h5,400,0.01,-770.0,0.0,0.233906187
tile_planting_2D_L_20_p1_0.0_p2_0.9_p3_0.0_inst_8_sparse.h5,400,0.01,-756.0,0.0,0.256210693
tile_planting_2D_L_20_p1_0.0_p2_0.9_p3_0.0_inst_9_sparse.h5,400,0.01,-774.0,0.0,0.233958051
tile_planting_2D_L_20_p1_0.0_p2_1.0_p3_0.0_inst_10_sparse.h5,400,0.01,-800.0,0.0,0.293104437
tile_planting_2D_L_20_p1_0.0_p2_1.0_p3_0.0_inst_1_sparse.h5,400,0.01,-800.0,0.0,0.237742106
tile_planting_2D_L_20_p1_0.0_p2_1.0_p3_0.0_inst_2_sparse.h5,400,0.01,-800.0,0.0,0.234662357
tile_planting_2D_L_20_p1_0.0_p2_1.0_p3_0.0_inst_3_sparse.h5,400,0.01,-800.0,0.0,0.260047383
tile_planting_2D_L_20_p1_0.0_p2_1.0_p3_0.0_inst_4_sparse.h5,400,0.01,-800.0,0.0,0.233879752
tile_planting_2D_L_20_p1_0.0_p2_1.0_p3_0.0_inst_5_sparse.h5,400,0.01,-800.0,0.0,0.252619751
tile_planting_2D_L_20_p1_0.0_p2_1.0_p3_0.0_inst_6_sparse.h5,400,0.01,-800.0,0.0,0.235181005
tile_planting_2D_L_20_p1_0.0_p2_1.0_p3_0.0_inst_7_sparse.h5,400,0.01,-800.0,0.0,0.232287579
tile_planting_2D_L_20_p1_0.0_p2_1.0_p3_0.0_inst_8_sparse.h5,400,0.01,-800.0,0.0,0.346922807
tile_planting_2D_L_20_p1_0.0_p2_1.0_p3_0.0_inst_9_sparse.h5,400,0.01,-800.0,0.0,0.233845799
tile_planting_2D_L_30_p1_0.0_p2_0.0_p3_0.0_inst_10_sparse.h5,900,0.0044444444444444444,-900.0,0.0,0.456936999
tile_planting_2D_L_30_p1_0.0_p2_0.0_p3_0.0_inst_1_sparse.h5,900,0.0044444444444444444,-900.0,0.0,0.482853259
tile_planting_2D_L_30_p1_0.0_p2_0.0_p3_0.0_inst_2_sparse.h5,900,0.0044444444444444444,-900.0,0.0,0.449665009
tile_planting_2D_L_30_p1_0.0_p2_0.0_p3_0.0_inst_3_sparse.h5,900,0.0044444444444444444,-900.0,0.0,0.449151797
tile_planting_2D_L_30_p1_0.0_p2_0.0_p3_0.0_inst_4_sparse.h5,900,0.0044444444444444444,-900.0,0.0,0.542297998
tile_planting_2D_L_30_p1_0.0_p2_0.0_p3_0.0_inst_5_sparse.h5,900,0.0044444444444444444,-900.0,0.0,0.447438102
tile_planting_2D_L_30_p1_0.0_p2_0.0_p3_0.0_inst_6_sparse.h5,900,0.0044444444444444444,-900.0,0.0,0.44562478
tile_planting_2D_L_30_p1_0.0_p2_0.0_p3_0.0_inst_7_sparse.h5,900,0.0044444444444444444,-900.0,0.0,0.468528243
tile_planting_2D_L_30_p1_0.0_p2_0.0_p3_0.0_inst_8_sparse.h5,900,0.0044444444444444444,-900.0,0.0,0.451302258
tile_planting_2D_L_30_p1_0.0_p2_0.0_p3_0.0_inst_9_sparse.h5,900,0.0044444444444444444,-900.0,0.0,0.446660801
tile_planting_2D_L_30_p1_0.0_p2_0.1_p3_0.0_inst_10_sparse.h5,900,0.0044444444444444444,-988.0,0.0,0.444280421
tile_planting_2D_L_30_p1_0.0_p2_0.1_p3_0.0_inst_1_sparse.h5,900,0.0044444444444444444,-990.0,0.0,0.495989788
tile_planting_2D_L_30_p1_0.0_p2_0.1_p3_0.0_inst_2_sparse.h5,900,0.0044444444444444444,-1004.0,0.0,0.445025599
tile_planting_2D_L_30_p1_0.0_p2_0.1_p3_0.0_inst_3_sparse.h5,900,0.0044444444444444444,-992.0,0.0,0.44415573
tile_planting_2D_L_30_p1_0.0_p2_0.1_p3_0.0_inst_4_sparse.h5,900,0.0044444444444444444,-1004.0,0.0,0.465804872
tile_planting_2D_L_30_p1_0.0_p2_0.1_p3_0.0_inst_5_sparse.h5,900,0.0044444444444444444,-984.0,0.0,0.454765254
tile_planting_2D_L_30_p1_0.0_p2_0.1_p3_0.0_inst_6_sparse.h5,900,0.0044444444444444444,-998.0,0.0,0.447734561
tile_planting_2D_L_30_p1_0.0_p2_0.1_p3_0.0_inst_7_sparse.h5,900,0.0044444444444444444,-982.0,0.0,0.480311649
tile_planting_2D_L_30_p1_0.0_p2_0.1_p3_0.0_inst_8_sparse.h5,900,0.0044444444444444444,-980.0,0.0,0.4482089
tile_planting_2D_L_30_p1_0.0_p2_0.1_p3_0.0_inst_9_sparse.h5,900,0.0044444444444444444,-982.0,0.0,0.447546212
tile_planting_2D_L_30_p1_0.0_p2_0.2_p3_0.0_inst_10_sparse.h5,900,0.0044444444444444444,-1080.0,0.0,0.495684058
tile_planting_2D_L_30_p1_0.0_p2_0.2_p3_0.0_inst_1_sparse.h5,900,0.0044444444444444444,-1070.0,0.0,0.469473893
tile_planting_2D_L_30_p1_0.0_p2_0.2_p3_0.0_inst_2_sparse.h5,900,0.0044444444444444444,-1086.0,0.0,0.445380486
tile_planting_2D_L_30_p1_0.0_p2_0.2_p3_0.0_inst_3_sparse.h5,900,0.0044444444444444444,-1076.0,0.0,0.471482023
tile_planting_2D_L_30_p1_0.0_p2_0.2_p3_0.0_inst_4_sparse.h5,900,0.0044444444444444444,-1080.0,0.0,0.472809091
tile_planting_2D_L_30_p1_0.0_p2_0.2_p3_0.0_inst_5_sparse.h5,900,0.0044444444444444444,-1082.0,0.0,0.450898073
tile_planting_2D_L_30_p1_0.0_p2_0.2_p3_0.0_inst_6_sparse.h5,900,0.0044444444444444444,-1070.0,0.0,0.473886578
tile_planting_2D_L_30_p1_0.0_p2_0.2_p3_0.0_inst_7_sparse.h5,900,0.0044444444444444444,-1108.0,0.0,0.451941141
tile_planting_2D_L_30_p1_0.0_p2_0.2_p3_0.0_inst_8_sparse.h5,900,0.0044444444444444444,-1050.0,0.0,0.450095401
tile_planting_2D_L_30_p1_0.0_p2_0.2_p3_0.0_inst_9_sparse.h5,900,0.0044444444444444444,-1084.0,0.0,0.473578493
tile_planting_2D_L_30_p1_0.0_p2_0.8_p3_0.0_inst_10_sparse.h5,900,0.0044444444444444444,-1610.0,0.124069475,0.450459612
tile_planting_2D_L_30_p1_0.0_p2_0.8_p3_0.0_inst_1_sparse.h5,900,0.0044444444444444444,-1598.0,0.125,0.447369744
tile_planting_2D_L_30_p1_0.0_p2_0.8_p3_0.0_inst_2_sparse.h5,900,0.0044444444444444444,-1636.0,0.12210013,0.467784656
tile_planting_2D_L_30_p1_0.0_p2_0.8_p3_0.0_inst_3_sparse.h5,900,0.0044444444444444444,-1634.0,0.122249395,0.450086819
tile_planting_2D_L_30_p1_0.0_p2_0.8_p3_0.0_inst_4_sparse.h5,900,0.0044444444444444444,-1592.0,0.12547052,0.448379953
tile_planting_2D_L_30_p1_0.0_p2_0.8_p3_0.0_inst_5_sparse.h5,900,0.0044444444444444444,-1624.0,0.0,0.449548047
tile_planting_2D_L_30_p1_0.0_p2_0.8_p3_0.0_inst_6_sparse.h5,900,0.0044444444444444444,-1616.0,0.2469136,0.44953424
tile_planting_2D_L_30_p1_0.0_p2_0.8_p3_0.0_inst_7_sparse.h5,900,0.0044444444444444444,-1616.0,0.123609394,0.478331147
tile_planting_2D_L_30_p1_0.0_p2_0.8_p3_0.0_inst_8_sparse.h5,900,0.0044444444444444444,-1626.0,0.0,0.509174053
tile_planting_2D_L_30_p1_0.0_p2_0.8_p3_0.0_inst_9_sparse.h5,900,0.0044444444444444444,-1614.0,0.12376238,0.452403747
tile_planting_2D_L_30_p1_0.0_p2_0.9_p3_0.0_inst_10_sparse.h5,900,0.0044444444444444444,-1712.0,0.3492433,0.449518801
tile_planting_2D_L_30_p1_0.0_p2_0.9_p3_0.0_inst_1_sparse.h5,900,0.0044444444444444444,-1682.0,0.11876485,0.473101577
tile_planting_2D_L_30_p1_0.0_p2_0.9_p3_0.0_inst_2_sparse.h5,900,0.0044444444444444444,-1686.0,0.3546099,0.473406544
tile_planting_2D_L_30_p1_0.0_p2_0.9_p3_0.0_inst_3_sparse.h5,900,0.0044444444444444444,-1700.0,0.23474179,0.448047547
tile_planting_2D_L_30_p1_0.0_p2_0.9_p3_0.0_inst_4_sparse.h5,900,0.0044444444444444444,-1692.0,0.3533569,0.470125924
tile_planting_2D_L_30_p1_0.0_p2_0.9_p3_0.0_inst_5_sparse.h5,900,0.0044444444444444444,-1714.0,0.23282887,0.469990313
tile_planting_2D_L_30_p1_0.0_p2_0.9_p3_0.0_inst_6_sparse.h5,900,0.0044444444444444444,-1700.0,0.46838406,0.461266945
tile_planting_2D_L_30_p1_0.0_p2_0.9_p3_0.0_inst_7_sparse.h5,900,0.0044444444444444444,-1714.0,0.11655012,0.448504086
tile_planting_2D_L_30_p1_0.0_p2_0.9_p3_0.0_inst_8_sparse.h5,900,0.0044444444444444444,-1720.0,0.23201856,0.450001682
tile_planting_2D_L_30_p1_0.0_p2_0.9_p3_0.0_inst_9_sparse.h5,900,0.0044444444444444444,-1690.0,0.2361275,0.477555538
tile_planting_2D_L_30_p1_0.0_p2_1.0_p3_0.0_inst_10_sparse.h5,900,0.0044444444444444444,-1794.0,0.33333334,0.449240611
tile_planting_2D_L_30_p1_0.0_p2_1.0_p3_0.0_inst_1_sparse.h5,900,0.0044444444444444444,-1792.0,0.44444445,0.471326161
tile_planting_2D_L_30_p1_0.0_p2_1.0_p3_0.0_inst_2_sparse.h5,900,0.0044444444444444444,-1794.0,0.33333334,0.449248638
tile_planting_2D_L_30_p1_0.0_p2_1.0_p3_0.0_inst_3_sparse.h5,900,0.0044444444444444444,-1792.0,0.44444445,0.44886202
tile_planting_2D_L_30_p1_0.0_p2_1.0_p3_0.0_inst_4_sparse.h5,900,0.0044444444444444444,-1790.0,0.5555556,0.446914045
tile_planting_2D_L_30_p1_0.0_p2_1.0_p3_0.0_inst_5_sparse.h5,900,0.0044444444444444444,-1792.0,0.44444445,0.541532554
tile_planting_2D_L_30_p1_0.0_p2_1.0_p3_0.0_inst_6_sparse.h5,900,0.0044444444444444444,-1790.0,0.5555556,0.579033171
tile_planting_2D_L_30_p1_0.0_p2_1.0_p3_0.0_inst_7_sparse.h5,900,0.0044444444444444444,-1792.0,0.44444445,0.446018101
tile_planting_2D_L_30_p1_0.0_p2_1.0_p3_0.0_inst_8_sparse.h5,900,0.0044444444444444444,-1794.0,0.33333334,0.456582514
tile_planting_2D_L_30_p1_0.0_p2_1.0_p3_0.0_inst_9_sparse.h5,900,0.0044444444444444444,-1798.0,0.11111111,0.482307949
tile_planting_2D_L_40_p1_0.0_p2_0.0_p3_0.0_inst_10_sparse.h5,1600,0.0025,-1600.0,0.0,0.754795537
tile_planting_2D_L_40_p1_0.0_p2_0.0_p3_0.0_inst_1_sparse.h5,1600,0.0025,-1600.0,0.0,0.750399171
tile_planting_2D_L_40_p1_0.0_p2_0.0_p3_0.0_inst_2_sparse.h5,1600,0.0025,-1600.0,0.0,0.733485906
tile_planting_2D_L_40_p1_0.0_p2_0.0_p3_0.0_inst_3_sparse.h5,1600,0.0025,-1600.0,0.0,0.747576421
tile_planting_2D_L_40_p1_0.0_p2_0.0_p3_0.0_inst_4_sparse.h5,1600,0.0025,-1600.0,0.0,0.739167485
tile_planting_2D_L_40_p1_0.0_p2_0.0_p3_0.0_inst_5_sparse.h5,1600,0.0025,-1600.0,0.0,0.75171046
tile_planting_2D_L_40_p1_0.0_p2_0.0_p3_0.0_inst_6_sparse.h5,1600,0.0025,-1600.0,0.0,0.738551436
tile_planting_2D_L_40_p1_0.0_p2_0.0_p3_0.0_inst_7_sparse.h5,1600,0.0025,-1600.0,0.0,0.762825205
tile_planting_2D_L_40_p1_0.0_p2_0.0_p3_0.0_inst_8_sparse.h5,1600,0.0025,-1600.0,0.0,1.08363727
tile_planting_2D_L_40_p1_0.0_p2_0.0_p3_0.0_inst_9_sparse.h5,1600,0.0025,-1600.0,0.0,0.767499991
tile_planting_2D_L_40_p1_0.0_p2_0.1_p3_0.0_inst_10_sparse.h5,1600,0.0025,-1742.0,0.0,0.731659627
tile_planting_2D_L_40_p1_0.0_p2_0.1_p3_0.0_inst_1_sparse.h5,1600,0.0025,-1728.0,0.0,0.779720511
tile_planting_2D_L_40_p1_0.0_p2_0.1_p3_0.0_inst_2_sparse.h5,1600,0.0025,-1774.0,0.0,0.758868848
tile_planting_2D_L_40_p1_0.0_p2_0.1_p3_0.0_inst_3_sparse.h5,1600,0.0025,-1766.0,0.0,0.760747743
tile_planting_2D_L_40_p1_0.0_p2_0.1_p3_0.0_inst_4_sparse.h5,1600,0.0025,-1762.0,0.0,0.746911517
tile_planting_2D_L_40_p1_0.0_p2_0.1_p3_0.0_inst_5_sparse.h5,1600,0.0025,-1754.0,0.0,0.733946252
tile_planting_2D_L_40_p1_0.0_p2_0.1_p3_0.0_inst_6_sparse.h5,1600,0.0025,-1766.0,0.0,0.735412044
tile_planting_2D_L_40_p1_0.0_p2_0.1_p3_0.0_inst_7_sparse.h5,1600,0.0025,-1792.0,0.0,0.748073136
tile_planting_2D_L_40_p1_0.0_p2_0.1_p3_0.0_inst_8_sparse.h5,1600,0.0025,-1766.0,0.0,0.733873851
tile_planting_2D_L_40_p1_0.0_p2_0.1_p3_0.0_inst_9_sparse.h5,1600,0.0025,-1776.0,0.0,1.287468003
tile_planting_2D_L_40_p1_0.0_p2_0.2_p3_0.0_inst_10_sparse.h5,1600,0.0025,-1912.0,0.0,0.735584499
tile_planting_2D_L_40_p1_0.0_p2_0.2_p3_0.0_inst_1_sparse.h5,1600,0.0025,-1938.0,0.0,0.733762231
tile_planting_2D_L_40_p1_0.0_p2_0.2_p3_0.0_inst_2_sparse.h5,1600,0.0025,-1906.0,0.0,0.733146184
tile_planting_2D_L_40_p1_0.0_p2_0.2_p3_0.0_inst_3_sparse.h5,1600,0.0025,-1938.0,0.0,0.763383541
tile_planting_2D_L_40_p1_0.0_p2_0.2_p3_0.0_inst_4_sparse.h5,1600,0.0025,-1908.0,0.0,0.733229082
tile_planting_2D_L_40_p1_0.0_p2_0.2_p3_0.0_inst_5_sparse.h5,1600,0.0025,-1920.0,0.0,0.743359633
tile_planting_2D_L_40_p1_0.0_p2_0.2_p3_0.0_inst_6_sparse.h5,1600,0.0025,-1974.0,0.0,0.749701375
tile_planting_2D_L_40_p1_0.0_p2_0.2_p3_0.0_inst_7_sparse.h5,1600,0.0025,-1914.0,0.0,0.736026581
tile_planting_2D_L_40_p1_0.0_p2_0.2_p3_0.0_inst_8_sparse.h5,1600,0.0025,-1904.0,0.0,0.795031581
tile_planting_2D_L_40_p1_0.0_p2_0.2_p3_0.0_inst_9_sparse.h5,1600,0.0025,-1896.0,0.0,0.868855076
tile_planting_2D_L_40_p1_0.0_p2_0.8_p3_0.0_inst_10_sparse.h5,1600,0.0025,-2886.0,0.41407868,0.760075357
tile_planting_2D_L_40_p1_0.0_p2_0.8_p3_0.0_inst_1_sparse.h5,1600,0.0025,-2888.0,0.4137931,0.757102858
tile_planting_2D_L_40_p1_0.0_p2_0.8_p3_0.0_inst_2_sparse.h5,1600,0.0025,-2888.0,0.34506556,0.752109167
tile_planting_2D_L_40_p1_0.0_p2_0.8_p3_0.0_inst_3_sparse.h5,1600,0.0025,-2844.0,0.2805049,0.731312066
tile_planting_2D_L_40_p1_0.0_p2_0.8_p3_0.0_inst_4_sparse.h5,1600,0.0025,-2864.0,0.4864489,0.730353106
tile_planting_2D_L_40_p1_0.0_p2_0.8_p3_0.0_inst_5_sparse.h5,1600,0.0025,-2876.0,0.41551244,0.732750907
tile_planting_2D_L_40_p1_0.0_p2_0.8_p3_0.0_inst_6_sparse.h5,1600,0.0025,-2836.0,0.35137033,0.733792917
tile_planting_2D_L_40_p1_0.0_p2_0.8_p3_0.0_inst_7_sparse.h5,1600,0.0025,-2856.0,0.2793296,0.744573396
tile_planting_2D_L_40_p1_0.0_p2_0.8_p3_0.0_inst_8_sparse.h5,1600,0.0025,-2884.0,0.20761245,0.734657036
tile_planting_2D_L_40_p1_0.0_p2_0.8_p3_0.0_inst_9_sparse.h5,1600,0.0025,-2912.0,0.20562029,0.73633649
tile_planting_2D_L_40_p1_0.0_p2_0.9_p3_0.0_inst_10_sparse.h5,1600,0.0025,-3030.0,0.78585464,1.249545342
tile_planting_2D_L_40_p1_0.0_p2_0.9_p3_0.0_inst_1_sparse.h5,1600,0.0025,-3026.0,0.5259698,0.7324937
tile_planting_2D_L_40_p1_0.0_p2_0.9_p3_0.0_inst_2_sparse.h5,1600,0.0025,-3026.0,0.4605263,0.757758479
tile_planting_2D_L_40_p1_0.0_p2_0.9_p3_0.0_inst_3_sparse.h5,1600,0.0025,-3016.0,0.5277045,0.735186956
tile_planting_2D_L_40_p1_0.0_p2_0.9_p3_0.0_inst_4_sparse.h5,1600,0.0025,-2998.0,0.59681696,0.734457348
tile_planting_2D_L_40_p1_0.0_p2_0.9_p3_0.0_inst_5_sparse.h5,1600,0.0025,-3032.0,0.4596192,0.742558163
tile_planting_2D_L_40_p1_0.0_p2_0.9_p3_0.0_inst_6_sparse.h5,1600,0.0025,-3008.0,0.39735103,0.739866531
tile_planting_2D_L_40_p1_0.0_p2_0.9_p3_0.0_inst_7_sparse.h5,1600,0.0025,-3008.0,0.39735103,0.732460239
tile_planting_2D_L_40_p1_0.0_p2_0.9_p3_0.0_inst_8_sparse.h5,1600,0.0025,-3028.0,0.72131145,0.74250596
tile_planting_2D_L_40_p1_0.0_p2_0.9_p3_0.0_inst_9_sparse.h5,1600,0.0025,-3010.0,0.5944518,0.738872755
tile_planting_2D_L_40_p1_0.0_p2_1.0_p3_0.0_inst_10_sparse.h5,1600,0.0025,-3178.0,0.6875,0.831719169
tile_planting_2D_L_40_p1_0.0_p2_1.0_p3_0.0_inst_1_sparse.h5,1600,0.0025,-3180.0,0.625,0.735032698
tile_planting_2D_L_40_p1_0.0_p2_1.0_p3_0.0_inst_2_sparse.h5,1600,0.0025,-3178.0,0.6875,0.734424364
tile_planting_2D_L_40_p1_0.0_p2_1.0_p3_0.0_inst_3_sparse.h5,1600,0.0025,-3178.0,0.6875,0.732610836
tile_planting_2D_L_40_p1_0.0_p2_1.0_p3_0.0_inst_4_sparse.h5,1600,0.0025,-3176.0,0.75,0.76647386
tile_planting_2D_L_40_p1_0.0_p2_1.0_p3_0.0_inst_5_sparse.h5,1600,0.0025,-3180.0,0.625,0.731040889
tile_planting_2D_L_40_p1_0.0_p2_1.0_p3_0.0_inst_6_sparse.h5,1600,0.0025,-3176.0,0.75,0.742687862
tile_planting_2D_L_40_p1_0.0_p2_1.0_p3_0.0_inst_7_sparse.h5,1600,0.0025,-3176.0,0.75,0.732569161
tile_planting_2D_L_40_p1_0.0_p2_1.0_p3_0.0_inst_8_sparse.h5,1600,0.0025,-3178.0,0.6875,0.731944651
tile_planting_2D_L_40_p1_0.0_p2_1.0_p3_0.0_inst_9_sparse.h5,1600,0.0025,-3180.0,0.625,0.856483298
tile_planting_2D_L_50_p1_0.0_p2_0.0_p3_0.0_inst_10_sparse.h5,2500,0.0016,-2500.0,0.0,1.127624603
tile_planting_2D_L_50_p1_0.0_p2_0.0_p3_0.0_inst_1_sparse.h5,2500,0.0016,-2500.0,0.0,1.118144325
tile_planting_2D_L_50_p1_0.0_p2_0.0_p3_0.0_inst_2_sparse.h5,2500,0.0016,-2500.0,0.0,1.116363189
tile_planting_2D_L_50_p1_0.0_p2_0.0_p3_0.0_inst_3_sparse.h5,2500,0.0016,-2500.0,0.0,1.112161362
tile_planting_2D_L_50_p1_0.0_p2_0.0_p3_0.0_inst_4_sparse.h5,2500,0.0016,-2500.0,0.0,1.111895255
tile_planting_2D_L_50_p1_0.0_p2_0.0_p3_0.0_inst_5_sparse.h5,2500,0.0016,-2500.0,0.0,1.798755116
tile_planting_2D_L_50_p1_0.0_p2_0.0_p3_0.0_inst_6_sparse.h5,2500,0.0016,-2500.0,0.0,1.102638616
tile_planting_2D_L_50_p1_0.0_p2_0.0_p3_0.0_inst_7_sparse.h5,2500,0.0016,-2500.0,0.0,1.130576994
tile_planting_2D_L_50_p1_0.0_p2_0.0_p3_0.0_inst_8_sparse.h5,2500,0.0016,-2500.0,0.0,1.117148665
tile_planting_2D_L_50_p1_0.0_p2_0.0_p3_0.0_inst_9_sparse.h5,2500,0.0016,-2500.0,0.0,1.109454276
tile_planting_2D_L_50_p1_0.0_p2_0.1_p3_0.0_inst_10_sparse.h5,2500,0.0016,-2742.0,0.0,1.102018166
tile_planting_2D_L_50_p1_0.0_p2_0.1_p3_0.0_inst_1_sparse.h5,2500,0.0016,-2740.0,0.0,1.121225541
tile_planting_2D_L_50_p1_0.0_p2_0.1_p3_0.0_inst_2_sparse.h5,2500,0.0016,-2788.0,0.0,1.095005292
tile_planting_2D_L_50_p1_0.0_p2_0.1_p3_0.0_inst_3_sparse.h5,2500,0.0016,-2788.0,0.0,1.117035825
tile_planting_2D_L_50_p1_0.0_p2_0.1_p3_0.0_inst_4_sparse.h5,2500,0.0016,-2746.0,0.0,1.109885497
tile_planting_2D_L_50_p1_0.0_p2_0.1_p3_0.0_inst_5_sparse.h5,2500,0.0016,-2788.0,0.0,1.116755615
tile_planting_2D_L_50_p1_0.0_p2_0.1_p3_0.0_inst_6_sparse.h5,2500,0.0016,-2744.0,0.0,1.202539158
tile_planting_2D_L_50_p1_0.0_p2_0.1_p3_0.0_inst_7_sparse.h5,2500,0.0016,-2774.0,0.0,1.099880911
tile_planting_2D_L_50_p1_0.0_p2_0.1_p3_0.0_inst_8_sparse.h5,2500,0.0016,-2758.0,0.0,1.147614816
tile_planting_2D_L_50_p1_0.0_p2_0.1_p3_0.0_inst_9_sparse.h5,2500,0.0016,-2766.0,0.0,1.122510243
tile_planting_2D_L_50_p1_0.0_p2_0.2_p3_0.0_inst_10_sparse.h5,2500,0.0016,-2996.0,0.0,1.111334701
tile_planting_2D_L_50_p1_0.0_p2_0.2_p3_0.0_inst_1_sparse.h5,2500,0.0016,-2986.0,0.0,1.176434926
tile_planting_2D_L_50_p1_0.0_p2_0.2_p3_0.0_inst_2_sparse.h5,2500,0.0016,-3000.0,0.0,1.153732111
tile_planting_2D_L_50_p1_0.0_p2_0.2_p3_0.0_inst_3_sparse.h5,2500,0.0016,-2982.0,0.0,1.505514498
tile_planting_2D_L_50_p1_0.0_p2_0.2_p3_0.0_inst_4_sparse.h5,2500,0.0016,-2988.0,0.0,1.102962012
tile_planting_2D_L_50_p1_0.0_p2_0.2_p3_0.0_inst_5_sparse.h5,2500,0.0016,-2982.0,0.0,1.108261753
tile_planting_2D_L_50_p1_0.0_p2_0.2_p3_0.0_inst_6_sparse.h5,2500,0.0016,-3010.0,0.0,1.114334091
tile_planting_2D_L_50_p1_0.0_p2_0.2_p3_0.0_inst_7_sparse.h5,2500,0.0016,-3008.0,0.0,1.195785609
tile_planting_2D_L_50_p1_0.0_p2_0.2_p3_0.0_inst_8_sparse.h5,2500,0.0016,-2966.0,0.0,1.127388372
tile_planting_2D_L_50_p1_0.0_p2_0.2_p3_0.0_inst_9_sparse.h5,2500,0.0016,-3016.0,0.0,1.118159767
tile_planting_2D_L_50_p1_0.0_p2_0.8_p3_0.0_inst_10_sparse.h5,2500,0.0016,-4460.0,0.66815144,1.116278694
tile_planting_2D_L_50_p1_0.0_p2_0.8_p3_0.0_inst_1_sparse.h5,2500,0.0016,-4438.0,0.35922766,1.110345427
tile_planting_2D_L_50_p1_0.0_p2_0.8_p3_0.0_inst_2_sparse.h5,2500,0.0016,-4494.0,0.443066,1.111689477
tile_planting_2D_L_50_p1_0.0_p2_0.8_p3_0.0_inst_3_sparse.h5,2500,0.0016,-4472.0,0.445236,1.20028254
tile_planting_2D_L_50_p1_0.0_p2_0.8_p3_0.0_inst_4_sparse.h5,2500,0.0016,-4460.0,0.4908523,1.096643346
tile_planting_2D_L_50_p1_0.0_p2_0.8_p3_0.0_inst_5_sparse.h5,2500,0.0016,-4488.0,0.3552398,1.241092485
tile_planting_2D_L_50_p1_0.0_p2_0.8_p3_0.0_inst_6_sparse.h5,2500,0.0016,-4486.0,0.44385263,1.103765934
tile_planting_2D_L_50_p1_0.0_p2_0.8_p3_0.0_inst_7_sparse.h5,2500,0.0016,-4502.0,0.39823008,1.107345253
tile_planting_2D_L_50_p1_0.0_p2_0.8_p3_0.0_inst_8_sparse.h5,2500,0.0016,-4498.0,0.39858282,1.117177554
tile_planting_2D_L_50_p1_0.0_p2_0.8_p3_0.0_inst_9_sparse.h5,2500,0.0016,-4496.0,0.57496685,1.246810104
tile_planting_2D_L_50_p1_0.0_p2_0.9_p3_0.0_inst_10_sparse.h5,2500,0.0016,-4706.0,0.6753905,1.098716619
tile_planting_2D_L_50_p1_0.0_p2_0.9_p3_0.0_inst_1_sparse.h5,2500,0.0016,-4704.0,0.6756757,1.11677126
tile_planting_2D_L_50_p1_0.0_p2_0.9_p3_0.0_inst_2_sparse.h5,2500,0.0016,-4726.0,0.7559849,1.118319365
tile_planting_2D_L_50_p1_0.0_p2_0.9_p3_0.0_inst_3_sparse.h5,2500,0.0016,-4722.0,0.6731174,1.106041935
tile_planting_2D_L_50_p1_0.0_p2_0.9_p3_0.0_inst_4_sparse.h5,2500,0.0016,-4718.0,0.6736842,1.155890239
tile_planting_2D_L_50_p1_0.0_p2_0.9_p3_0.0_inst_5_sparse.h5,2500,0.0016,-4710.0,0.6329114,1.633606685
tile_planting_2D_L_50_p1_0.0_p2_0.9_p3_0.0_inst_6_sparse.h5,2500,0.0016,-4712.0,0.71639276,1.097598496
tile_planting_2D_L_50_p1_0.0_p2_0.9_p3_0.0_inst_7_sparse.h5,2500,0.0016,-4722.0,0.6731174,1.124336004
tile_planting_2D_L_50_p1_0.0_p2_0.9_p3_0.0_inst_8_sparse.h5,2500,0.0016,-4736.0,0.5459891,1.113371628
tile_planting_2D_L_50_p1_0.0_p2_0.9_p3_0.0_inst_9_sparse.h5,2500,0.0016,-4702.0,0.67596114,1.11323961
tile_planting_2D_L_50_p1_0.0_p2_1.0_p3_0.0_inst_10_sparse.h5,2500,0.0016,-4956.0,0.88,1.111157635
tile_planting_2D_L_50_p1_0.0_p2_1.0_p3_0.0_inst_1_sparse.h5,2500,0.0016,-4958.0,0.84,1.211189859
tile_planting_2D_L_50_p1_0.0_p2_1.0_p3_0.0_inst_2_sparse.h5,2500,0.0016,-4954.0,0.92,1.122170383
tile_planting_2D_L_50_p1_0.0_p2_1.0_p3_0.0_inst_3_sparse.h5,2500,0.0016,-4958.0,0.84,1.114398196
tile_planting_2D_L_50_p1_0.0_p2_1.0_p3_0.0_inst_4_sparse.h5,2500,0.0016,-4954.0,0.92,1.110783688
tile_planting_2D_L_50_p1_0.0_p2_1.0_p3_0.0_inst_5_sparse.h5,2500,0.0016,-4964.0,0.71999997,1.112108772
tile_planting_2D_L_50_p1_0.0_p2_1.0_p3_0.0_inst_6_sparse.h5,2500,0.0016,-4968.0,0.64,1.205131105
tile_planting_2D_L_50_p1_0.0_p2_1.0_p3_0.0_inst_7_sparse.h5,2500,0.0016,-4964.0,0.71999997,1.100973291
tile_planting_2D_L_50_p1_0.0_p2_1.0_p3_0.0_inst_8_sparse.h5,2500,0.0016,-4964.0,0.71999997,1.117590128
tile_planting_2D_L_50_p1_0.0_p2_1.0_p3_0.0_inst_9_sparse.h5,2500,0.0016,-4960.0,0.8,1.115231383
tile_planting_2D_L_60_p1_0.0_p2_0.0_p3_0.0_inst_10_sparse.h5,3600,0.0011111111111111111,-3600.0,0.0,1.56480027
tile_planting_2D_L_60_p1_0.0_p2_0.0_p3_0.0_inst_1_sparse.h5,3600,0.0011111111111111111,-3600.0,0.0,1.648161191
tile_planting_2D_L_60_p1_0.0_p2_0.0_p3_0.0_inst_2_sparse.h5,3600,0.0011111111111111111,-3600.0,0.0,1.564458119
tile_planting_2D_L_60_p1_0.0_p2_0.0_p3_0.0_inst_3_sparse.h5,3600,0.0011111111111111111,-3600.0,0.0,1.560467356
tile_planting_2D_L_60_p1_0.0_p2_0.0_p3_0.0_inst_4_sparse.h5,3600,0.0011111111111111111,-3600.0,0.0,1.555180253
tile_planting_2D_L_60_p1_0.0_p2_0.0_p3_0.0_inst_5_sparse.h5,3600,0.0011111111111111111,-3600.0,0.0,1.609669427
tile_planting_2D_L_60_p1_0.0_p2_0.0_p3_0.0_inst_6_sparse.h5,3600,0.0011111111111111111,-3600.0,0.0,1.663204115
tile_planting_2D_L_60_p1_0.0_p2_0.0_p3_0.0_inst_7_sparse.h5,3600,0.0011111111111111111,-3600.0,0.0,1.559856364
tile_planting_2D_L_60_p1_0.0_p2_0.0_p3_0.0_inst_8_sparse.h5,3600,0.0011111111111111111,-3600.0,0.0,1.588310235
tile_planting_2D_L_60_p1_0.0_p2_0.0_p3_0.0_inst_9_sparse.h5,3600,0.0011111111111111111,-3600.0,0.0,1.660677075
tile_planting_2D_L_60_p1_0.0_p2_0.1_p3_0.0_inst_10_sparse.h5,3600,0.0011111111111111111,-3976.0,0.0,1.561535594
tile_planting_2D_L_60_p1_0.0_p2_0.1_p3_0.0_inst_1_sparse.h5,3600,0.0011111111111111111,-3922.0,0.0,1.553034342
tile_planting_2D_L_60_p1_0.0_p2_0.1_p3_0.0_inst_2_sparse.h5,3600,0.0011111111111111111,-3968.0,0.0,2.202497566
tile_planting_2D_L_60_p1_0.0_p2_0.1_p3_0.0_inst_3_sparse.h5,3600,0.0011111111111111111,-3978.0,0.0,1.581375297
tile_planting_2D_L_60_p1_0.0_p2_0.1_p3_0.0_inst_4_sparse.h5,3600,0.0011111111111111111,-3972.0,0.0,1.590029424
tile_planting_2D_L_60_p1_0.0_p2_0.1_p3_0.0_inst_5_sparse.h5,3600,0.0011111111111111111,-3926.0,0.0,1.658896913
tile_planting_2D_L_60_p1_0.0_p2_0.1_p3_0.0_inst_6_sparse.h5,3600,0.0011111111111111111,-3978.0,0.0,1.558810271
tile_planting_2D_L_60_p1_0.0_p2_0.1_p3_0.0_inst_7_sparse.h5,3600,0.0011111111111111111,-3944.0,0.0,1.553633129
tile_planting_2D_L_60_p1_0.0_p2_0.1_p3_0.0_inst_8_sparse.h5,3600,0.0011111111111111111,-3962.0,0.0,1.567646091
tile_planting_2D_L_60_p1_0.0_p2_0.1_p3_0.0_inst_9_sparse.h5,3600,0.0011111111111111111,-3984.0,0.0,1.91218809
tile_planting_2D_L_60_p1_0.0_p2_0.2_p3_0.0_inst_10_sparse.h5,3600,0.0011111111111111111,-4342.0,0.0,1.590327598
tile_planting_2D_L_60_p1_0.0_p2_0.2_p3_0.0_inst_1_sparse.h5,3600,0.0011111111111111111,-4340.0,0.0,1.605879445
tile_planting_2D_L_60_p1_0.0_p2_0.2_p3_0.0_inst_2_sparse.h5,3600,0.0011111111111111111,-4322.0,0.0,2.025667347
tile_planting_2D_L_60_p1_0.0_p2_0.2_p3_0.0_inst_3_sparse.h5,3600,0.0011111111111111111,-4394.0,0.0,1.557414163
tile_planting_2D_L_60_p1_0.0_p2_0.2_p3_0.0_inst_4_sparse.h5,3600,0.0011111111111111111,-4322.0,0.0,1.582054465
tile_planting_2D_L_60_p1_0.0_p2_0.2_p3_0.0_inst_5_sparse.h5,3600,0.0011111111111111111,-4450.0,0.0,1.666685789
tile_planting_2D_L_60_p1_0.0_p2_0.2_p3_0.0_inst_6_sparse.h5,3600,0.0011111111111111111,-4382.0,0.0,1.563792431
tile_planting_2D_L_60_p1_0.0_p2_0.2_p3_0.0_inst_7_sparse.h5,3600,0.0011111111111111111,-4352.0,0.0,1.593731226
tile_planting_2D_L_60_p1_0.0_p2_0.2_p3_0.0_inst_8_sparse.h5,3600,0.0011111111111111111,-4282.0,0.0,1.655164449
tile_planting_2D_L_60_p1_0.0_p2_0.2_p3_0.0_inst_9_sparse.h5,3600,0.0011111111111111111,-4384.0,0.0,1.582854035
tile_planting_2D_L_60_p1_0.0_p2_0.8_p3_0.0_inst_10_sparse.h5,3600,0.0011111111111111111,-6444.0,0.4941322,1.554183748
tile_planting_2D_L_60_p1_0.0_p2_0.8_p3_0.0_inst_1_sparse.h5,3600,0.0011111111111111111,-6442.0,0.3095017,1.594713761
tile_planting_2D_L_60_p1_0.0_p2_0.8_p3_0.0_inst_2_sparse.h5,3600,0.0011111111111111111,-6396.0,0.49782205,1.657136679
tile_planting_2D_L_60_p1_0.0_p2_0.8_p3_0.0_inst_3_sparse.h5,3600,0.0011111111111111111,-6458.0,0.5543579,1.598415403
tile_planting_2D_L_60_p1_0.0_p2_0.8_p3_0.0_inst_4_sparse.h5,3600,0.0011111111111111111,-6454.0,0.55469954,1.578038608
tile_planting_2D_L_60_p1_0.0_p2_0.8_p3_0.0_inst_5_sparse.h5,3600,0.0011111111111111111,-6462.0,0.5540166,1.911642155
tile_planting_2D_L_60_p1_0.0_p2_0.8_p3_0.0_inst_6_sparse.h5,3600,0.0011111111111111111,-6448.0,0.5858773,1.58966698
tile_planting_2D_L_60_p1_0.0_p2_0.8_p3_0.0_inst_7_sparse.h5,3600,0.0011111111111111111,-6428.0,0.52615285,1.800359288
tile_planting_2D_L_60_p1_0.0_p2_0.8_p3_0.0_inst_8_sparse.h5,3600,0.0011111111111111111,-6426.0,0.49550945,1.718661146
tile_planting_2D_L_60_p1_0.0_p2_0.8_p3_0.0_inst_9_sparse.h5,3600,0.0011111111111111111,-6436.0,0.49474338,1.56771558
tile_planting_2D_L_60_p1_0.0_p2_0.9_p3_0.0_inst_10_sparse.h5,3600,0.0011111111111111111,-6752.0,0.6766696,1.595496734
tile_planting_2D_L_60_p1_0.0_p2_0.9_p3_0.0_inst_1_sparse.h5,3600,0.0011111111111111111,-6794.0,0.7015493,1.653186159
tile_planting_2D_L_60_p1_0.0_p2_0.9_p3_0.0_inst_2_sparse.h5,3600,0.0011111111111111111,-6788.0,0.73120797,1.55469284
tile_planting_2D_L_60_p1_0.0_p2_0.9_p3_0.0_inst_3_sparse.h5,3600,0.0011111111111111111,-6772.0,0.7038123,1.559975203
tile_planting_2D_L_60_p1_0.0_p2_0.9_p3_0.0_inst_4_sparse.h5,3600,0.0011111111111111111,-6770.0,0.7913248,1.656897494
tile_planting_2D_L_60_p1_0.0_p2_0.9_p3_0.0_inst_5_sparse.h5,3600,0.0011111111111111111,-6766.0,0.7044321,1.563036731
tile_planting_2D_L_60_p1_0.0_p2_0.9_p3_0.0_inst_6_sparse.h5,3600,0.0011111111111111111,-6752.0,0.8225617,1.563667426
tile_planting_2D_L_60_p1_0.0_p2_0.9_p3_0.0_inst_7_sparse.h5,3600,0.0011111111111111111,-6784.0,0.64440536,1.562862019
tile_planting_2D_L_60_p1_0.0_p2_0.9_p3_0.0_inst_8_sparse.h5,3600,0.0011111111111111111,-6768.0,0.82063305,1.901690153
tile_planting_2D_L_60_p1_0.0_p2_0.9_p3_0.0_inst_9_sparse.h5,3600,0.0011111111111111111,-6802.0,0.70072997,1.552268004
tile_planting_2D_L_60_p1_0.0_p2_1.0_p3_0.0_inst_10_sparse.h5,3600,0.0011111111111111111,-7132.0,0.9444444,1.56345416
tile_planting_2D_L_60_p1_0.0_p2_1.0_p3_0.0_inst_1_sparse.h5,3600,0.0011111111111111111,-7130.0,0.97222227,1.638595428
tile_planting_2D_L_60_p1_0.0_p2_1.0_p3_0.0_inst_2_sparse.h5,3600,0.0011111111111111111,-7136.0,0.8888889,1.558357519
tile_planting_2D_L_60_p1_0.0_p2_1.0_p3_0.0_inst_3_sparse.h5,3600,0.0011111111111111111,-7138.0,0.8611111,1.562743492
tile_planting_2D_L_60_p1_0.0_p2_1.0_p3_0.0_inst_4_sparse.h5,3600,0.0011111111111111111,-7130.0,0.97222227,1.565886586
tile_planting_2D_L_60_p1_0.0_p2_1.0_p3_0.0_inst_5_sparse.h5,3600,0.0011111111111111111,-7126.0,1.0277778,1.59863473
tile_planting_2D_L_60_p1_0.0_p2_1.0_p3_0.0_inst_6_sparse.h5,3600,0.0011111111111111111,-7128.0,1.0,1.661547415
tile_planting_2D_L_60_p1_0.0_p2_1.0_p3_0.0_inst_7_sparse.h5,3600,0.0011111111111111111,-7126.0,1.0277778,1.560596957
tile_planting_2D_L_60_p1_0.0_p2_1.0_p3_0.0_inst_8_sparse.h5,3600,0.0011111111111111111,-7130.0,0.97222227,1.565922541
tile_planting_2D_L_60_p1_0.0_p2_1.0_p3_0.0_inst_9_sparse.h5,3600,0.0011111111111111111,-7138.0,0.8611111,2.145960215
tile_planting_2D_L_70_p1_0.0_p2_0.0_p3_0.0_inst_10_sparse.h5,4900,0.0008163265306122449,-4900.0,0.0,2.107560222
tile_planting_2D_L_70_p1_0.0_p2_0.0_p3_0.0_inst_1_sparse.h5,4900,0.0008163265306122449,-4900.0,0.0,2.140827271
tile_planting_2D_L_70_p1_0.0_p2_0.0_p3_0.0_inst_2_sparse.h5,4900,0.0008163265306122449,-4900.0,0.0,2.180427792
tile_planting_2D_L_70_p1_0.0_p2_0.0_p3_0.0_inst_3_sparse.h5,4900,0.0008163265306122449,-4900.0,0.0,2.102615924
tile_planting_2D_L_70_p1_0.0_p2_0.0_p3_0.0_inst_4_sparse.h5,4900,0.0008163265306122449,-4900.0,0.0,2.207206598
tile_planting_2D_L_70_p1_0.0_p2_0.0_p3_0.0_inst_5_sparse.h5,4900,0.0008163265306122449,-4900.0,0.0,2.092571265
tile_planting_2D_L_70_p1_0.0_p2_0.0_p3_0.0_inst_6_sparse.h5,4900,0.0008163265306122449,-4900.0,0.0,2.130529268
tile_planting_2D_L_70_p1_0.0_p2_0.0_p3_0.0_inst_7_sparse.h5,4900,0.0008163265306122449,-4900.0,0.0,2.198624101
tile_planting_2D_L_70_p1_0.0_p2_0.0_p3_0.0_inst_8_sparse.h5,4900,0.0008163265306122449,-4900.0,0.0,2.095166339
tile_planting_2D_L_70_p1_0.0_p2_0.0_p3_0.0_inst_9_sparse.h5,4900,0.0008163265306122449,-4900.0,0.0,2.305860432
tile_planting_2D_L_70_p1_0.0_p2_0.1_p3_0.0_inst_10_sparse.h5,4900,0.0008163265306122449,-5414.0,0.0,2.114466345
tile_planting_2D_L_70_p1_0.0_p2_0.1_p3_0.0_inst_1_sparse.h5,4900,0.0008163265306122449,-5394.0,0.0,2.159918992
tile_planting_2D_L_70_p1_0.0_p2_0.1_p3_0.0_inst_2_sparse.h5,4900,0.0008163265306122449,-5392.0,0.0,2.196011818
tile_planting_2D_L_70_p1_0.0_p2_0.1_p3_0.0_inst_3_sparse.h5,4900,0.0008163265306122449,-5388.0,0.0,2.107257566
tile_planting_2D_L_70_p1_0.0_p2_0.1_p3_0.0_inst_4_sparse.h5,4900,0.0008163265306122449,-5374.0,0.0,2.819774178
tile_planting_2D_L_70_p1_0.0_p2_0.1_p3_0.0_inst_5_sparse.h5,4900,0.0008163265306122449,-5458.0,0.0,2.084026626
tile_planting_2D_L_70_p1_0.0_p2_0.1_p3_0.0_inst_6_sparse.h5,4900,0.0008163265306122449,-5390.0,0.0,2.533299023
tile_planting_2D_L_70_p1_0.0_p2_0.1_p3_0.0_inst_7_sparse.h5,4900,0.0008163265306122449,-5420.0,0.0,2.128575761
tile_planting_2D_L_70_p1_0.0_p2_0.1_p3_0.0_inst_8_sparse.h5,4900,0.0008163265306122449,-5380.0,0.0,2.12460641
tile_planting_2D_L_70_p1_0.0_p2_0.1_p3_0.0_inst_9_sparse.h5,4900,0.0008163265306122449,-5360.0,0.0,2.178776821
tile_planting_2D_L_70_p1_0.0_p2_0.2_p3_0.0_inst_10_sparse.h5,4900,0.0008163265306122449,-5802.0,0.0,2.132216358
tile_planting_2D_L_70_p1_0.0_p2_0.2_p3_0.0_inst_1_sparse.h5,4900,0.0008163265306122449,-5902.0,0.0,2.186288811
tile_planting_2D_L_70_p1_0.0_p2_0.2_p3_0.0_inst_2_sparse.h5,4900,0.0008163265306122449,-5850.0,0.0,2.0940114
tile_planting_2D_L_70_p1_0.0_p2_0.2_p3_0.0_inst_3_sparse.h5,4900,0.0008163265306122449,-5832.0,0.0,2.164836212
tile_planting_2D_L_70_p1_0.0_p2_0.2_p3_0.0_inst_4_sparse.h5,4900,0.0008163265306122449,-5884.0,0.0,2.087892592
tile_planting_2D_L_70_p1_0.0_p2_0.2_p3_0.0_inst_5_sparse.h5,4900,0.0008163265306122449,-5892.0,0.0,2.093462449
tile_planting_2D_L_70_p1_0.0_p2_0.2_p3_0.0_inst_6_sparse.h5,4900,0.0008163265306122449,-5882.0,0.0,2.267365548
tile_planting_2D_L_70_p1_0.0_p2_0.2_p3_0.0_inst_7_sparse.h5,4900,0.0008163265306122449,-5868.0,0.0,2.109355082
tile_planting_2D_L_70_p1_0.0_p2_0.2_p3_0.0_inst_8_sparse.h5,4900,0.0008163265306122449,-5890.0,0.0,2.086684982
tile_planting_2D_L_70_p1_0.0_p2_0.2_p3_0.0_inst_9_sparse.h5,4900,0.0008163265306122449,-5856.0,0.0,3.314335886
tile_planting_2D_L_70_p1_0.0_p2_0.8_p3_0.0_inst_10_sparse.h5,4900,0.0008163265306122449,-8828.0,0.6079712,2.08856132
tile_planting_2D_L_70_p1_0.0_p2_0.8_p3_0.0_inst_1_sparse.h5,4900,0.0008163265306122449,-8768.0,0.6571493,2.178460672
tile_planting_2D_L_70_p1_0.0_p2_0.8_p3_0.0_inst_2_sparse.h5,4900,0.0008163265306122449,-8686.0,0.57234436,2.096179391
tile_planting_2D_L_70_p1_0.0_p2_0.8_p3_0.0_inst_3_sparse.h5,4900,0.0008163265306122449,-8724.0,0.6378132,2.139906675
tile_planting_2D_L_70_p1_0.0_p2_0.8_p3_0.0_inst_4_sparse.h5,4900,0.0008163265306122449,-8778.0,0.7013575,2.200741098
tile_planting_2D_L_70_p1_0.0_p2_0.8_p3_0.0_inst_5_sparse.h5,4900,0.0008163265306122449,-8702.0,0.52583444,2.104032945
tile_planting_2D_L_70_p1_0.0_p2_0.8_p3_0.0_inst_6_sparse.h5,4900,0.0008163265306122449,-8824.0,0.6977267,2.215687815
tile_planting_2D_L_70_p1_0.0_p2_0.8_p3_0.0_inst_7_sparse.h5,4900,0.0008163265306122449,-8740.0,0.63665307,2.096229574
tile_planting_2D_L_70_p1_0.0_p2_0.8_p3_0.0_inst_8_sparse.h5,4900,0.0008163265306122449,-8788.0,0.6107216,2.101510346
tile_planting_2D_L_70_p1_0.0_p2_0.8_p3_0.0_inst_9_sparse.h5,4900,0.0008163265306122449,-8794.0,0.5878363,2.183969746
tile_planting_2D_L_70_p1_0.0_p2_0.9_p3_0.0_inst_10_sparse.h5,4900,0.0008163265306122449,-9226.0,0.75301206,2.091165959
tile_planting_2D_L_70_p1_0.0_p2_0.9_p3_0.0_inst_1_sparse.h5,4900,0.0008163265306122449,-9208.0,0.7330746,2.224916802
tile_planting_2D_L_70_p1_0.0_p2_0.9_p3_0.0_inst_2_sparse.h5,4900,0.0008163265306122449,-9218.0,0.796384,2.075264228
tile_planting_2D_L_70_p1_0.0_p2_0.9_p3_0.0_inst_3_sparse.h5,4900,0.0008163265306122449,-9236.0,0.85873765,2.088181787
tile_planting_2D_L_70_p1_0.0_p2_0.9_p3_0.0_inst_4_sparse.h5,4900,0.0008163265306122449,-9254.0,0.7081545,2.282555008
tile_planting_2D_L_70_p1_0.0_p2_0.9_p3_0.0_inst_5_sparse.h5,4900,0.0008163265306122449,-9164.0,0.8654262,2.083521882
tile_planting_2D_L_70_p1_0.0_p2_0.9_p3_0.0_inst_6_sparse.h5,4900,0.0008163265306122449,-9238.0,0.87982833,2.232146028
tile_planting_2D_L_70_p1_0.0_p2_0.9_p3_0.0_inst_7_sparse.h5,4900,0.0008163265306122449,-9256.0,0.7718696,2.088380144
tile_planting_2D_L_70_p1_0.0_p2_0.9_p3_0.0_inst_8_sparse.h5,4900,0.0008163265306122449,-9278.0,0.79127455,2.113193883
tile_planting_2D_L_70_p1_0.0_p2_0.9_p3_0.0_inst_9_sparse.h5,4900,0.0008163265306122449,-9194.0,0.77703434,2.548670348
tile_planting_2D_L_70_p1_0.0_p2_1.0_p3_0.0_inst_10_sparse.h5,4900,0.0008163265306122449,-9692.0,1.1020408,2.085404657
tile_planting_2D_L_70_p1_0.0_p2_1.0_p3_0.0_inst_1_sparse.h5,4900,0.0008163265306122449,-9700.0,1.0204082,2.220691531
tile_planting_2D_L_70_p1_0.0_p2_1.0_p3_0.0_inst_2_sparse.h5,4900,0.0008163265306122449,-9698.0,1.0408163,2.078759062
tile_planting_2D_L_70_p1_0.0_p2_1.0_p3_0.0_inst_3_sparse.h5,4900,0.0008163265306122449,-9702.0,1.0,2.106995569
tile_planting_2D_L_70_p1_0.0_p2_1.0_p3_0.0_inst_4_sparse.h5,4900,0.0008163265306122449,-9698.0,1.0408163,2.115890764
tile_planting_2D_L_70_p1_0.0_p2_1.0_p3_0.0_inst_5_sparse.h5,4900,0.0008163265306122449,-9714.0,0.87755096,2.10086404
tile_planting_2D_L_70_p1_0.0_p2_1.0_p3_0.0_inst_6_sparse.h5,4900,0.0008163265306122449,-9702.0,1.0,2.170270056
tile_planting_2D_L_70_p1_0.0_p2_1.0_p3_0.0_inst_7_sparse.h5,4900,0.0008163265306122449,-9700.0,1.0204082,2.082134637
tile_planting_2D_L_70_p1_0.0_p2_1.0_p3_0.0_inst_8_sparse.h5,4900,0.0008163265306122449,-9696.0,1.0612245,2.119941557
tile_planting_2D_L_70_p1_0.0_p2_1.0_p3_0.0_inst_9_sparse.h5,4900,0.0008163265306122449,-9694.0,1.0816326,2.186221938
tile_planting_2D_L_80_p1_0.0_p2_0.0_p3_0.0_inst_10_sparse.h5,6400,0.000625,-6400.0,0.0,2.752569884
tile_planting_2D_L_80_p1_0.0_p2_0.0_p3_0.0_inst_1_sparse.h5,6400,0.000625,-6400.0,0.0,2.79935207
tile_planting_2D_L_80_p1_0.0_p2_0.0_p3_0.0_inst_2_sparse.h5,6400,0.000625,-6400.0,0.0,2.824934367
tile_planting_2D_L_80_p1_0.0_p2_0.0_p3_0.0_inst_3_sparse.h5,6400,0.000625,-6400.0,0.0,2.701612444
tile_planting_2D_L_80_p1_0.0_p2_0.0_p3_0.0_inst_4_sparse.h5,6400,0.000625,-6400.0,0.0,2.753433914
tile_planting_2D_L_80_p1_0.0_p2_0.0_p3_0.0_inst_5_sparse.h5,6400,0.000625,-6400.0,0.0,2.810493754
tile_planting_2D_L_80_p1_0.0_p2_0.0_p3_0.0_inst_6_sparse.h5,6400,0.000625,-6400.0,0.0,2.746675639
tile_planting_2D_L_80_p1_0.0_p2_0.0_p3_0.0_inst_7_sparse.h5,6400,0.000625,-6400.0,0.0,2.808626418
tile_planting_2D_L_80_p1_0.0_p2_0.0_p3_0.0_inst_8_sparse.h5,6400,0.000625,-6400.0,0.0,2.833564017
tile_planting_2D_L_80_p1_0.0_p2_0.0_p3_0.0_inst_9_sparse.h5,6400,0.000625,-6400.0,0.0,2.792803653
tile_planting_2D_L_80_p1_0.0_p2_0.1_p3_0.0_inst_10_sparse.h5,6400,0.000625,-7026.0,0.0,2.763346895
tile_planting_2D_L_80_p1_0.0_p2_0.1_p3_0.0_inst_1_sparse.h5,6400,0.000625,-7026.0,0.0,2.794085298
tile_planting_2D_L_80_p1_0.0_p2_0.1_p3_0.0_inst_2_sparse.h5,6400,0.000625,-7080.0,0.0,2.834302315
tile_planting_2D_L_80_p1_0.0_p2_0.1_p3_0.0_inst_3_sparse.h5,6400,0.000625,-7062.0,0.0,2.691344748
tile_planting_2D_L_80_p1_0.0_p2_0.1_p3_0.0_inst_4_sparse.h5,6400,0.000625,-7074.0,0.0,2.824273383
tile_planting_2D_L_80_p1_0.0_p2_0.1_p3_0.0_inst_5_sparse.h5,6400,0.000625,-7048.0,0.0,2.703720085
tile_planting_2D_L_80_p1_0.0_p2_0.1_p3_0.0_inst_6_sparse.h5,6400,0.000625,-7008.0,0.0,2.827465118
tile_planting_2D_L_80_p1_0.0_p2_0.1_p3_0.0_inst_7_sparse.h5,6400,0.000625,-6984.0,0.0,2.710705128
tile_planting_2D_L_80_p1_0.0_p2_0.1_p3_0.0_inst_8_sparse.h5,6400,0.000625,-7048.0,0.0,2.827035186
tile_planting_2D_L_80_p1_0.0_p2_0.1_p3_0.0_inst_9_sparse.h5,6400,0.000625,-7034.0,0.0,2.700927634
tile_planting_2D_L_80_p1_0.0_p2_0.2_p3_0.0_inst_10_sparse.h5,6400,0.000625,-7712.0,0.0,2.824031895
tile_planting_2D_L_80_p1_0.0_p2_0.2_p3_0.0_inst_1_sparse.h5,6400,0.000625,-7652.0,0.0,2.684293666
tile_planting_2D_L_80_p1_0.0_p2_0.2_p3_0.0_inst_2_sparse.h5,6400,0.000625,-7712.0,0.0,2.747795571
tile_planting_2D_L_80_p1_0.0_p2_0.2_p3_0.0_inst_3_sparse.h5,6400,0.000625,-7674.0,0.0,2.794662176
tile_planting_2D_L_80_p1_0.0_p2_0.2_p3_0.0_inst_4_sparse.h5,6400,0.000625,-7628.0,0.0,2.843163249
tile_planting_2D_L_80_p1_0.0_p2_0.2_p3_0.0_inst_5_sparse.h5,6400,0.000625,-7702.0,0.0,2.705264567
tile_planting_2D_L_80_p1_0.0_p2_0.2_p3_0.0_inst_6_sparse.h5,6400,0.000625,-7736.0,0.0,2.825945642
tile_planting_2D_L_80_p1_0.0_p2_0.2_p3_0.0_inst_7_sparse.h5,6400,0.000625,-7718.0,0.0,2.701730497
tile_planting_2D_L_80_p1_0.0_p2_0.2_p3_0.0_inst_8_sparse.h5,6400,0.000625,-7658.0,0.0,2.832618906
tile_planting_2D_L_80_p1_0.0_p2_0.2_p3_0.0_inst_9_sparse.h5,6400,0.000625,-7628.0,0.0,2.69851001
tile_planting_2D_L_80_p1_0.0_p2_0.8_p3_0.0_inst_10_sparse.h5,6400,0.000625,-11446.0,0.53875566,2.838309392
tile_planting_2D_L_80_p1_0.0_p2_0.8_p3_0.0_inst_1_sparse.h5,6400,0.000625,-11434.0,0.59120154,2.701802159
tile_planting_2D_L_80_p1_0.0_p2_0.8_p3_0.0_inst_2_sparse.h5,6400,0.000625,-11444.0,0.72866064,2.833066859
tile_planting_2D_L_80_p1_0.0_p2_0.8_p3_0.0_inst_3_sparse.h5,6400,0.000625,-11472.0,0.69252074,2.700413421
tile_planting_2D_L_80_p1_0.0_p2_0.8_p3_0.0_inst_4_sparse.h5,6400,0.000625,-11508.0,0.7075065,2.84660026
tile_planting_2D_L_80_p1_0.0_p2_0.8_p3_0.0_inst_5_sparse.h5,6400,0.000625,-11420.0,0.591922,2.690186807
tile_planting_2D_L_80_p1_0.0_p2_0.8_p3_0.0_inst_6_sparse.h5,6400,0.000625,-11424.0,0.6608696,2.850392947
tile_planting_2D_L_80_p1_0.0_p2_0.8_p3_0.0_inst_7_sparse.h5,6400,0.000625,-11454.0,0.60742795,2.697604054
tile_planting_2D_L_80_p1_0.0_p2_0.8_p3_0.0_inst_8_sparse.h5,6400,0.000625,-11330.0,0.5965959,2.830416401
tile_planting_2D_L_80_p1_0.0_p2_0.8_p3_0.0_inst_9_sparse.h5,6400,0.000625,-11408.0,0.592541,2.692123195
tile_planting_2D_L_80_p1_0.0_p2_0.9_p3_0.0_inst_10_sparse.h5,6400,0.000625,-12058.0,0.8388158,2.824643527
tile_planting_2D_L_80_p1_0.0_p2_0.9_p3_0.0_inst_1_sparse.h5,6400,0.000625,-12074.0,0.7398882,2.691702044
tile_planting_2D_L_80_p1_0.0_p2_0.9_p3_0.0_inst_2_sparse.h5,6400,0.000625,-12074.0,0.9190875,2.833709927
tile_planting_2D_L_80_p1_0.0_p2_0.9_p3_0.0_inst_3_sparse.h5,6400,0.000625,-12096.0,0.8036739,2.692759462
tile_planting_2D_L_80_p1_0.0_p2_0.9_p3_0.0_inst_4_sparse.h5,6400,0.000625,-12006.0,0.82603663,2.822764826
tile_planting_2D_L_80_p1_0.0_p2_0.9_p3_0.0_inst_5_sparse.h5,6400,0.000625,-12080.0,0.8373009,2.697497184
tile_planting_2D_L_80_p1_0.0_p2_0.9_p3_0.0_inst_6_sparse.h5,6400,0.000625,-12044.0,0.9213557,2.829854956
tile_planting_2D_L_80_p1_0.0_p2_0.9_p3_0.0_inst_7_sparse.h5,6400,0.000625,-12046.0,0.92120415,2.714996972
tile_planting_2D_L_80_p1_0.0_p2_0.9_p3_0.0_inst_8_sparse.h5,6400,0.000625,-12058.0,0.8225037,2.840997708
tile_planting_2D_L_80_p1_0.0_p2_0.9_p3_0.0_inst_9_sparse.h5,6400,0.000625,-12092.0,0.86899495,2.699301905
tile_planting_2D_L_80_p1_0.0_p2_1.0_p3_0.0_inst_10_sparse.h5,6400,0.000625,-12668.0,1.03125,2.837035647
tile_planting_2D_L_80_p1_0.0_p2_1.0_p3_0.0_inst_1_sparse.h5,6400,0.000625,-12682.0,0.92187494,2.699950894
tile_planting_2D_L_80_p1_0.0_p2_1.0_p3_0.0_inst_2_sparse.h5,6400,0.000625,-12666.0,1.046875,2.836106344
tile_planting_2D_L_80_p1_0.0_p2_1.0_p3_0.0_inst_3_sparse.h5,6400,0.000625,-12664.0,1.0625,2.705369981
tile_planting_2D_L_80_p1_0.0_p2_1.0_p3_0.0_inst_4_sparse.h5,6400,0.000625,-12640.0,1.25,2.833380429
tile_planting_2D_L_80_p1_0.0_p2_1.0_p3_0.0_inst_5_sparse.h5,6400,0.000625,-12670.0,1.015625,2.698319448
tile_planting_2D_L_80_p1_0.0_p2_1.0_p3_0.0_inst_6_sparse.h5,6400,0.000625,-12646.0,1.203125,2.846969426
tile_planting_2D_L_80_p1_0.0_p2_1.0_p3_0.0_inst_7_sparse.h5,6400,0.000625,-12666.0,1.046875,2.705992308
tile_planting_2D_L_80_p1_0.0_p2_1.0_p3_0.0_inst_8_sparse.h5,6400,0.000625,-12654.0,1.140625,2.84849319
tile_planting_2D_L_80_p1_0.0_p2_1.0_p3_0.0_inst_9_sparse.h5,6400,0.000625,-12668.0,1.03125,2.699618885
tile_planting_2D_L_90_p1_0.0_p2_0.0_p3_0.0_inst_10_sparse.h5,8100,0.0004938271604938272,-8100.0,0.0,3.548703424
tile_planting_2D_L_90_p1_0.0_p2_0.0_p3_0.0_inst_1_sparse.h5,8100,0.0004938271604938272,-8100.0,0.0,3.420423677
tile_planting_2D_L_90_p1_0.0_p2_0.0_p3_0.0_inst_2_sparse.h5,8100,0.0004938271604938272,-8100.0,0.0,3.518662849
tile_planting_2D_L_90_p1_0.0_p2_0.0_p3_0.0_inst_3_sparse.h5,8100,0.0004938271604938272,-8100.0,0.0,3.432409361
tile_planting_2D_L_90_p1_0.0_p2_0.0_p3_0.0_inst_4_sparse.h5,8100,0.0004938271604938272,-8100.0,0.0,3.490833982
tile_planting_2D_L_90_p1_0.0_p2_0.0_p3_0.0_inst_5_sparse.h5,8100,0.0004938271604938272,-8100.0,0.0,3.421801631
tile_planting_2D_L_90_p1_0.0_p2_0.0_p3_0.0_inst_6_sparse.h5,8100,0.0004938271604938272,-8100.0,0.0,3.732275017
tile_planting_2D_L_90_p1_0.0_p2_0.0_p3_0.0_inst_7_sparse.h5,8100,0.0004938271604938272,-8100.0,0.0,3.397982813
tile_planting_2D_L_90_p1_0.0_p2_0.0_p3_0.0_inst_8_sparse.h5,8100,0.0004938271604938272,-8100.0,0.0,3.463760983
tile_planting_2D_L_90_p1_0.0_p2_0.0_p3_0.0_inst_9_sparse.h5,8100,0.0004938271604938272,-8100.0,0.0,3.426401253
tile_planting_2D_L_90_p1_0.0_p2_0.1_p3_0.0_inst_10_sparse.h5,8100,0.0004938271604938272,-8934.0,0.0,3.492645628
tile_planting_2D_L_90_p1_0.0_p2_0.1_p3_0.0_inst_1_sparse.h5,8100,0.0004938271604938272,-8976.0,0.0,3.407567177
tile_planting_2D_L_90_p1_0.0_p2_0.1_p3_0.0_inst_2_sparse.h5,8100,0.0004938271604938272,-8918.0,0.0,3.496697631
tile_planting_2D_L_90_p1_0.0_p2_0.1_p3_0.0_inst_3_sparse.h5,8100,0.0004938271604938272,-8960.0,0.0,3.412157814
tile_planting_2D_L_90_p1_0.0_p2_0.1_p3_0.0_inst_4_sparse.h5,8100,0.0004938271604938272,-8940.0,0.0,3.483595182
tile_planting_2D_L_90_p1_0.0_p2_0.1_p3_0.0_inst_5_sparse.h5,8100,0.0004938271604938272,-8940.0,0.0,3.434744654
tile_planting_2D_L_90_p1_0.0_p2_0.1_p3_0.0_inst_6_sparse.h5,8100,0.0004938271604938272,-8878.0,0.0,4.006949935
tile_planting_2D_L_90_p1_0.0_p2_0.1_p3_0.0_inst_7_sparse.h5,8100,0.0004938271604938272,-8882.0,0.0,3.40389191
tile_planting_2D_L_90_p1_0.0_p2_0.1_p3_0.0_inst_8_sparse.h5,8100,0.0004938271604938272,-8954.0,0.0,3.516816771
tile_planting_2D_L_90_p1_0.0_p2_0.1_p3_0.0_inst_9_sparse.h5,8100,0.0004938271604938272,-8864.0,0.0,3.418436672
tile_planting_2D_L_90_p1_0.0_p2_0.2_p3_0.0_inst_10_sparse.h5,8100,0.0004938271604938272,-9732.0,0.0,3.473486092
tile_planting_2D_L_90_p1_0.0_p2_0.2_p3_0.0_inst_1_sparse.h5,8100,0.0004938271604938272,-9794.0,0.0,3.474060482
tile_planting_2D_L_90_p1_0.0_p2_0.2_p3_0.0_inst_2_sparse.h5,8100,0.0004938271604938272,-9742.0,0.0,3.498758934
tile_planting_2D_L_90_p1_0.0_p2_0.2_p3_0.0_inst_3_sparse.h5,8100,0.0004938271604938272,-9750.0,0.0,3.541733733
tile_planting_2D_L_90_p1_0.0_p2_0.2_p3_0.0_inst_4_sparse.h5,8100,0.0004938271604938272,-9790.0,0.0,3.39646937
tile_planting_2D_L_90_p1_0.0_p2_0.2_p3_0.0_inst_5_sparse.h5,8100,0.0004938271604938272,-9718.0,0.0,3.491406613
tile_planting_2D_L_90_p1_0.0_p2_0.2_p3_0.0_inst_6_sparse.h5,8100,0.0004938271604938272,-9728.0,0.0,3.445671075
tile_planting_2D_L_90_p1_0.0_p2_0.2_p3_0.0_inst_7_sparse.h5,8100,0.0004938271604938272,-9830.0,0.0,3.523320818
tile_planting_2D_L_90_p1_0.0_p2_0.2_p3_0.0_inst_8_sparse.h5,8100,0.0004938271604938272,-9824.0,0.0,3.524843705
tile_planting_2D_L_90_p1_0.0_p2_0.2_p3_0.0_inst_9_sparse.h5,8100,0.0004938271604938272,-9610.0,0.0,3.410258852
tile_planting_2D_L_90_p1_0.0_p2_0.8_p3_0.0_inst_10_sparse.h5,8100,0.0004938271604938272,-14416.0,0.6067292,3.519604526
tile_planting_2D_L_90_p1_0.0_p2_0.8_p3_0.0_inst_1_sparse.h5,8100,0.0004938271604938272,-14504.0,0.69834316,3.406686742
tile_planting_2D_L_90_p1_0.0_p2_0.8_p3_0.0_inst_2_sparse.h5,8100,0.0004938271604938272,-14532.0,0.6698565,3.494606646
tile_planting_2D_L_90_p1_0.0_p2_0.8_p3_0.0_inst_3_sparse.h5,8100,0.0004938271604938272,-14514.0,0.6706816,3.409976231
tile_planting_2D_L_90_p1_0.0_p2_0.8_p3_0.0_inst_4_sparse.h5,8100,0.0004938271604938272,-14524.0,0.7245386,3.487022871
tile_planting_2D_L_90_p1_0.0_p2_0.8_p3_0.0_inst_5_sparse.h5,8100,0.0004938271604938272,-14460.0,0.7140895,3.417466234
tile_planting_2D_L_90_p1_0.0_p2_0.8_p3_0.0_inst_6_sparse.h5,8100,0.0004938271604938272,-14480.0,0.6586169,3.475167797
tile_planting_2D_L_90_p1_0.0_p2_0.8_p3_0.0_inst_7_sparse.h5,8100,0.0004938271604938272,-14562.0,0.695581,3.416534117
tile_planting_2D_L_90_p1_0.0_p2_0.8_p3_0.0_inst_8_sparse.h5,8100,0.0004938271604938272,-14532.0,0.7512635,3.487426674
tile_planting_2D_L_90_p1_0.0_p2_0.8_p3_0.0_inst_9_sparse.h5,8100,0.0004938271604938272,-14476.0,0.7405376,3.427358185
tile_planting_2D_L_90_p1_0.0_p2_0.9_p3_0.0_inst_10_sparse.h5,8100,0.0004938271604938272,-15246.0,0.89703584,3.487447864
tile_planting_2D_L_90_p1_0.0_p2_0.9_p3_0.0_inst_1_sparse.h5,8100,0.0004938271604938272,-15294.0,0.8299831,3.421254573
tile_planting_2D_L_90_p1_0.0_p2_0.9_p3_0.0_inst_2_sparse.h5,8100,0.0004938271604938272,-15178.0,0.92689294,4.402261134
tile_planting_2D_L_90_p1_0.0_p2_0.9_p3_0.0_inst_3_sparse.h5,8100,0.0004938271604938272,-15214.0,0.821382,3.418247073
tile_planting_2D_L_90_p1_0.0_p2_0.9_p3_0.0_inst_4_sparse.h5,8100,0.0004938271604938272,-15270.0,0.90850097,4.31598752
tile_planting_2D_L_90_p1_0.0_p2_0.9_p3_0.0_inst_5_sparse.h5,8100,0.0004938271604938272,-15214.0,0.8730779,3.41321402
tile_planting_2D_L_90_p1_0.0_p2_0.9_p3_0.0_inst_6_sparse.h5,8100,0.0004938271604938272,-15208.0,0.87341934,3.500538561
tile_planting_2D_L_90_p1_0.0_p2_0.9_p3_0.0_inst_7_sparse.h5,8100,0.0004938271604938272,-15258.0,0.9220779,3.408315717
tile_planting_2D_L_90_p1_0.0_p2_0.9_p3_0.0_inst_8_sparse.h5,8100,0.0004938271604938272,-15228.0,0.962539,3.485050595
tile_planting_2D_L_90_p1_0.0_p2_0.9_p3_0.0_inst_9_sparse.h5,8100,0.0004938271604938272,-15222.0,0.9758001,3.427086512
tile_planting_2D_L_90_p1_0.0_p2_1.0_p3_0.0_inst_10_sparse.h5,8100,0.0004938271604938272,-15992.0,1.2839507,3.528157203
tile_planting_2D_L_90_p1_0.0_p2_1.0_p3_0.0_inst_1_sparse.h5,8100,0.0004938271604938272,-16026.0,1.0740741,3.424692963
tile_planting_2D_L_90_p1_0.0_p2_1.0_p3_0.0_inst_2_sparse.h5,8100,0.0004938271604938272,-16014.0,1.1481482,3.596508298
tile_planting_2D_L_90_p1_0.0_p2_1.0_p3_0.0_inst_3_sparse.h5,8100,0.0004938271604938272,-16008.0,1.1851852,3.422465808
tile_planting_2D_L_90_p1_0.0_p2_1.0_p3_0.0_inst_4_sparse.h5,8100,0.0004938271604938272,-16034.0,1.0246913,3.484270269
tile_planting_2D_L_90_p1_0.0_p2_1.0_p3_0.0_inst_5_sparse.h5,8100,0.0004938271604938272,-16020.0,1.1111112,3.4191235
tile_planting_2D_L_90_p1_0.0_p2_1.0_p3_0.0_inst_6_sparse.h5,8100,0.0004938271604938272,-16012.0,1.1604939,3.524399711
tile_planting_2D_L_90_p1_0.0_p2_1.0_p3_0.0_inst_7_sparse.h5,8100,0.0004938271604938272,-16030.0,1.0493827,3.429858261
tile_planting_2D_L_90_p1_0.0_p2_1.0_p3_0.0_inst_8_sparse.h5,8100,0.0004938271604938272,-16006.0,1.1975309,3.594329243
tile_planting_2D_L_90_p1_0.0_p2_1.0_p3_0.0_inst_9_sparse.h5,8100,0.0004938271604938272,-16010.0,1.1728395,3.403997771
tile_planting_2D_L_100_p1_0.0_p2_0.0_p3_0.0_inst_10_sparse.h5,10000,0.0004,-10000.0,0.0,5.023106586
tile_planting_2D_L_100_p1_0.0_p2_0.0_p3_0.0_inst_1_sparse.h5,10000,0.0004,-10000.0,0.0,4.324394463
tile_planting_2D_L_100_p1_0.0_p2_0.0_p3_0.0_inst_2_sparse.h5,10000,0.0004,-10000.0,0.0,4.239986774
tile_planting_2D_L_100_p1_0.0_p2_0.0_p3_0.0_inst_3_sparse.h5,10000,0.0004,-10000.0,0.0,4.318689753
tile_planting_2D_L_100_p1_0.0_p2_0.0_p3_0.0_inst_4_sparse.h5,10000,0.0004,-10000.0,0.0,4.383984883
tile_planting_2D_L_100_p1_0.0_p2_0.0_p3_0.0_inst_5_sparse.h5,10000,0.0004,-10000.0,0.0,4.322342117
tile_planting_2D_L_100_p1_0.0_p2_0.0_p3_0.0_inst_6_sparse.h5,10000,0.0004,-10000.0,0.0,4.223689216
tile_planting_2D_L_100_p1_0.0_p2_0.0_p3_0.0_inst_7_sparse.h5,10000,0.0004,-10000.0,0.0,4.353448936
tile_planting_2D_L_100_p1_0.0_p2_0.0_p3_0.0_inst_8_sparse.h5,10000,0.0004,-10000.0,0.0,4.221553428
tile_planting_2D_L_100_p1_0.0_p2_0.0_p3_0.0_inst_9_sparse.h5,10000,0.0004,-10000.0,0.0,4.331075744
tile_planting_2D_L_100_p1_0.0_p2_0.1_p3_0.0_inst_10_sparse.h5,10000,0.0004,-10960.0,0.0,4.256233185
tile_planting_2D_L_100_p1_0.0_p2_0.1_p3_0.0_inst_1_sparse.h5,10000,0.0004,-11030.0,0.0,4.312580092
tile_planting_2D_L_100_p1_0.0_p2_0.1_p3_0.0_inst_2_sparse.h5,10000,0.0004,-11020.0,0.0,4.809872689
tile_planting_2D_L_100_p1_0.0_p2_0.1_p3_0.0_inst_3_sparse.h5,10000,0.0004,-11024.0,0.0,4.250088582
tile_planting_2D_L_100_p1_0.0_p2_0.1_p3_0.0_inst_4_sparse.h5,10000,0.0004,-11000.0,0.0,4.301934777
tile_planting_2D_L_100_p1_0.0_p2_0.1_p3_0.0_inst_5_sparse.h5,10000,0.0004,-10986.0,0.0,4.821467026
tile_planting_2D_L_100_p1_0.0_p2_0.1_p3_0.0_inst_6_sparse.h5,10000,0.0004,-11030.0,0.0,4.261984141
tile_planting_2D_L_100_p1_0.0_p2_0.1_p3_0.0_inst_7_sparse.h5,10000,0.0004,-10956.0,0.0,4.319949927
tile_planting_2D_L_100_p1_0.0_p2_0.1_p3_0.0_inst_8_sparse.h5,10000,0.0004,-10918.0,0.0,4.206848915
tile_planting_2D_L_100_p1_0.0_p2_0.1_p3_0.0_inst_9_sparse.h5,10000,0.0004,-10968.0,0.0,4.281424381
tile_planting_2D_L_100_p1_0.0_p2_0.2_p3_0.0_inst_10_sparse.h5,10000,0.0004,-12048.0,0.0,4.272942873
tile_planting_2D_L_100_p1_0.0_p2_0.2_p3_0.0_inst_1_sparse.h5,10000,0.0004,-12064.0,0.0,4.250016787
tile_planting_2D_L_100_p1_0.0_p2_0.2_p3_0.0_inst_2_sparse.h5,10000,0.0004,-12000.0,0.0,4.311748186
tile_planting_2D_L_100_p1_0.0_p2_0.2_p3_0.0_inst_3_sparse.h5,10000,0.0004,-11966.0,0.0,4.271538448
tile_planting_2D_L_100_p1_0.0_p2_0.2_p3_0.0_inst_4_sparse.h5,10000,0.0004,-11982.0,0.0,4.336648479
tile_planting_2D_L_100_p1_0.0_p2_0.2_p3_0.0_inst_5_sparse.h5,10000,0.0004,-11910.0,0.0,4.214841134
tile_planting_2D_L_100_p1_0.0_p2_0.2_p3_0.0_inst_6_sparse.h5,10000,0.0004,-11980.0,0.0,4.736831841
tile_planting_2D_L_100_p1_0.0_p2_0.2_p3_0.0_inst_7_sparse.h5,10000,0.0004,-11944.0,0.0,4.201880815
tile_planting_2D_L_100_p1_0.0_p2_0.2_p3_0.0_inst_8_sparse.h5,10000,0.0004,-12036.0,0.0,5.094217362
tile_planting_2D_L_100_p1_0.0_p2_0.2_p3_0.0_inst_9_sparse.h5,10000,0.0004,-11962.0,0.0,5.900845665
tile_planting_2D_L_100_p1_0.0_p2_0.8_p3_0.0_inst_10_sparse.h5,10000,0.0004,-17784.0,0.71460474,4.340048475
tile_planting_2D_L_100_p1_0.0_p2_0.8_p3_0.0_inst_1_sparse.h5,10000,0.0004,-17942.0,0.71934485,4.205095441
tile_planting_2D_L_100_p1_0.0_p2_0.8_p3_0.0_inst_2_sparse.h5,10000,0.0004,-17780.0,0.70367473,4.335094258
tile_planting_2D_L_100_p1_0.0_p2_0.8_p3_0.0_inst_3_sparse.h5,10000,0.0004,-17976.0,0.66313,4.236307183
tile_planting_2D_L_100_p1_0.0_p2_0.8_p3_0.0_inst_4_sparse.h5,10000,0.0004,-17918.0,0.7203014,4.342807759
tile_planting_2D_L_100_p1_0.0_p2_0.8_p3_0.0_inst_5_sparse.h5,10000,0.0004,-17878.0,0.72190136,4.232217429
tile_planting_2D_L_100_p1_0.0_p2_0.8_p3_0.0_inst_6_sparse.h5,10000,0.0004,-17862.0,0.71150637,4.30021472
tile_planting_2D_L_100_p1_0.0_p2_0.8_p3_0.0_inst_7_sparse.h5,10000,0.0004,-17942.0,0.7303309,4.221617961
tile_planting_2D_L_100_p1_0.0_p2_0.8_p3_0.0_inst_8_sparse.h5,10000,0.0004,-17862.0,0.700467,4.30414399
tile_planting_2D_L_100_p1_0.0_p2_0.8_p3_0.0_inst_9_sparse.h5,10000,0.0004,-17998.0,0.7499724,4.362933045
tile_planting_2D_L_100_p1_0.0_p2_0.9_p3_0.0_inst_10_sparse.h5,10000,0.0004,-18726.0,0.9101492,4.321866958
tile_planting_2D_L_100_p1_0.0_p2_0.9_p3_0.0_inst_1_sparse.h5,10000,0.0004,-18878.0,0.94448525,4.205538607
tile_planting_2D_L_100_p1_0.0_p2_0.9_p3_0.0_inst_2_sparse.h5,10000,0.0004,-18792.0,0.92787856,4.369643045
tile_planting_2D_L_100_p1_0.0_p2_0.9_p3_0.0_inst_3_sparse.h5,10000,0.0004,-18760.0,0.98173755,4.264110827
tile_planting_2D_L_100_p1_0.0_p2_0.9_p3_0.0_inst_4_sparse.h5,10000,0.0004,-18890.0,0.9023188,4.308056947
tile_planting_2D_L_100_p1_0.0_p2_0.9_p3_0.0_inst_5_sparse.h5,10000,0.0004,-18914.0,0.94270456,4.531989444
tile_planting_2D_L_100_p1_0.0_p2_0.9_p3_0.0_inst_6_sparse.h5,10000,0.0004,-18692.0,0.91178966,4.211968961
tile_planting_2D_L_100_p1_0.0_p2_0.9_p3_0.0_inst_7_sparse.h5,10000,0.0004,-18834.0,0.9466709,4.31033379
tile_planting_2D_L_100_p1_0.0_p2_0.9_p3_0.0_inst_8_sparse.h5,10000,0.0004,-18840.0,1.060813,4.354630243
tile_planting_2D_L_100_p1_0.0_p2_0.9_p3_0.0_inst_9_sparse.h5,10000,0.0004,-18852.0,0.9457755,4.358704397
tile_planting_2D_L_100_p1_0.0_p2_1.0_p3_0.0_inst_10_sparse.h5,10000,0.0004,-19766.0,1.17,4.2402111
tile_planting_2D_L_100_p1_0.0_p2_1.0_p3_0.0_inst_1_sparse.h5,10000,0.0004,-19758.0,1.21,4.346432043
tile_planting_2D_L_100_p1_0.0_p2_1.0_p3_0.0_inst_2_sparse.h5,10000,0.0004,-19752.0,1.24,4.335017883
tile_planting_2D_L_100_p1_0.0_p2_1.0_p3_0.0_inst_3_sparse.h5,10000,0.0004,-19764.0,1.1800001,4.252017764
tile_planting_2D_L_100_p1_0.0_p2_1.0_p3_0.0_inst_4_sparse.h5,10000,0.0004,-19760.0,1.2,4.333602897
tile_planting_2D_L_100_p1_0.0_p2_1.0_p3_0.0_inst_5_sparse.h5,10000,0.0004,-19760.0,1.2,4.32984675
tile_planting_2D_L_100_p1_0.0_p2_1.0_p3_0.0_inst_6_sparse.h5,10000,0.0004,-19762.0,1.19,4.29099324
tile_planting_2D_L_100_p1_0.0_p2_1.0_p3_0.0_inst_7_sparse.h5,10000,0.0004,-19742.0,1.2900001,4.32800237
tile_planting_2D_L_100_p1_0.0_p2_1.0_p3_0.0_inst_8_sparse.h5,10000,0.0004,-19752.0,1.24,4.328682348
tile_planting_2D_L_100_p1_0.0_p2_1.0_p3_0.0_inst_9_sparse.h5,10000,0.0004,-19774.0,1.13,4.330420104
tile_planting_2D_L_150_p1_0.0_p2_0.0_p3_0.0_inst_10_sparse.h5,22500,0.00017777777777777779,-22500.0,0.0,9.51697183
tile_planting_2D_L_150_p1_0.0_p2_0.0_p3_0.0_inst_1_sparse.h5,22500,0.00017777777777777779,-22500.0,0.0,9.528541176
tile_planting_2D_L_150_p1_0.0_p2_0.0_p3_0.0_inst_2_sparse.h5,22500,0.00017777777777777779,-22500.0,0.0,9.488588128
tile_planting_2D_L_150_p1_0.0_p2_0.0_p3_0.0_inst_3_sparse.h5,22500,0.00017777777777777779,-22500.0,0.0,9.534680542
tile_planting_2D_L_150_p1_0.0_p2_0.0_p3_0.0_inst_4_sparse.h5,22500,0.00017777777777777779,-22500.0,0.0,9.51209059
tile_planting_2D_L_150_p1_0.0_p2_0.0_p3_0.0_inst_5_sparse.h5,22500,0.00017777777777777779,-22500.0,0.0,9.548014652
tile_planting_2D_L_150_p1_0.0_p2_0.0_p3_0.0_inst_6_sparse.h5,22500,0.00017777777777777779,-22500.0,0.0,9.588612775
tile_planting_2D_L_150_p1_0.0_p2_0.0_p3_0.0_inst_7_sparse.h5,22500,0.00017777777777777779,-22500.0,0.0,9.557699915
tile_planting_2D_L_150_p1_0.0_p2_0.0_p3_0.0_inst_8_sparse.h5,22500,0.00017777777777777779,-22500.0,0.0,9.555773232
tile_planting_2D_L_150_p1_0.0_p2_0.0_p3_0.0_inst_9_sparse.h5,22500,0.00017777777777777779,-22500.0,0.0,9.57364304
tile_planting_2D_L_150_p1_0.0_p2_0.1_p3_0.0_inst_10_sparse.h5,22500,0.00017777777777777779,-24738.0,0.0,9.549049334
tile_planting_2D_L_150_p1_0.0_p2_0.1_p3_0.0_inst_1_sparse.h5,22500,0.00017777777777777779,-24662.0,0.0,9.623642798
tile_planting_2D_L_150_p1_0.0_p2_0.1_p3_0.0_inst_2_sparse.h5,22500,0.00017777777777777779,-24762.0,0.0,9.560085042
tile_planting_2D_L_150_p1_0.0_p2_0.1_p3_0.0_inst_3_sparse.h5,22500,0.00017777777777777779,-24850.0,0.0,9.551001444
tile_planting_2D_L_150_p1_0.0_p2_0.1_p3_0.0_inst_4_sparse.h5,22500,0.00017777777777777779,-24778.0,0.0,9.553533988
tile_planting_2D_L_150_p1_0.0_p2_0.1_p3_0.0_inst_5_sparse.h5,22500,0.00017777777777777779,-24806.0,0.0,9.568471642
tile_planting_2D_L_150_p1_0.0_p2_0.1_p3_0.0_inst_6_sparse.h5,22500,0.00017777777777777779,-24760.0,0.0,9.582780269
tile_planting_2D_L_150_p1_0.0_p2_0.1_p3_0.0_inst_7_sparse.h5,22500,0.00017777777777777779,-24786.0,0.0,9.585403753
tile_planting_2D_L_150_p1_0.0_p2_0.1_p3_0.0_inst_8_sparse.h5,22500,0.00017777777777777779,-24724.0,0.0,9.558326626
tile_planting_2D_L_150_p1_0.0_p2_0.1_p3_0.0_inst_9_sparse.h5,22500,0.00017777777777777779,-24676.0,0.0,9.559078776
tile_planting_2D_L_150_p1_0.0_p2_0.2_p3_0.0_inst_10_sparse.h5,22500,0.00017777777777777779,-27252.0,0.0,9.55367733
tile_planting_2D_L_150_p1_0.0_p2_0.2_p3_0.0_inst_1_sparse.h5,22500,0.00017777777777777779,-26888.0,0.0,9.555193648
tile_planting_2D_L_150_p1_0.0_p2_0.2_p3_0.0_inst_2_sparse.h5,22500,0.00017777777777777779,-26862.0,0.0,9.584436958
tile_planting_2D_L_150_p1_0.0_p2_0.2_p3_0.0_inst_3_sparse.h5,22500,0.00017777777777777779,-26994.0,0.0,9.580393679
tile_planting_2D_L_150_p1_0.0_p2_0.2_p3_0.0_inst_4_sparse.h5,22500,0.00017777777777777779,-27076.0,0.0,9.534065687
tile_planting_2D_L_150_p1_0.0_p2_0.2_p3_0.0_inst_5_sparse.h5,22500,0.00017777777777777779,-27112.0,0.0,9.563797957
tile_planting_2D_L_150_p1_0.0_p2_0.2_p3_0.0_inst_6_sparse.h5,22500,0.00017777777777777779,-27092.0,0.0,9.531398065
tile_planting_2D_L_150_p1_0.0_p2_0.2_p3_0.0_inst_7_sparse.h5,22500,0.00017777777777777779,-26902.0,0.0,9.488851478
tile_planting_2D_L_150_p1_0.0_p2_0.2_p3_0.0_inst_8_sparse.h5,22500,0.00017777777777777779,-26958.0,0.0,9.591971354
tile_planting_2D_L_150_p1_0.0_p2_0.2_p3_0.0_inst_9_sparse.h5,22500,0.00017777777777777779,-26848.0,0.0,9.558058029
tile_planting_2D_L_150_p1_0.0_p2_0.8_p3_0.0_inst_10_sparse.h5,22500,0.00017777777777777779,-39998.0,0.81829,9.595277576
tile_planting_2D_L_150_p1_0.0_p2_0.8_p3_0.0_inst_1_sparse.h5,22500,0.00017777777777777779,-40398.0,0.79563874,9.544966525
tile_planting_2D_L_150_p1_0.0_p2_0.8_p3_0.0_inst_2_sparse.h5,22500,0.00017777777777777779,-40136.0,0.81549937,9.611960705
tile_planting_2D_L_150_p1_0.0_p2_0.8_p3_0.0_inst_3_sparse.h5,22500,0.00017777777777777779,-40236.0,0.74498004,9.546088166
tile_planting_2D_L_150_p1_0.0_p2_0.8_p3_0.0_inst_4_sparse.h5,22500,0.00017777777777777779,-40134.0,0.82044184,9.565361691
tile_planting_2D_L_150_p1_0.0_p2_0.8_p3_0.0_inst_5_sparse.h5,22500,0.00017777777777777779,-40108.0,0.8013454,9.552487137
tile_planting_2D_L_150_p1_0.0_p2_0.8_p3_0.0_inst_6_sparse.h5,22500,0.00017777777777777779,-40176.0,0.81959116,9.593166462
tile_planting_2D_L_150_p1_0.0_p2_0.8_p3_0.0_inst_7_sparse.h5,22500,0.00017777777777777779,-40210.0,0.838471,9.581036312
tile_planting_2D_L_150_p1_0.0_p2_0.8_p3_0.0_inst_8_sparse.h5,22500,0.00017777777777777779,-40256.0,0.85217476,9.56297218
tile_planting_2D_L_150_p1_0.0_p2_0.8_p3_0.0_inst_9_sparse.h5,22500,0.00017777777777777779,-40300.0,0.8512523,9.568840767
tile_planting_2D_L_150_p1_0.0_p2_0.9_p3_0.0_inst_10_sparse.h5,22500,0.00017777777777777779,-42348.0,1.0745655,9.565806946
tile_planting_2D_L_150_p1_0.0_p2_0.9_p3_0.0_inst_1_sparse.h5,22500,0.00017777777777777779,-42312.0,1.0800954,9.548770021
tile_planting_2D_L_150_p1_0.0_p2_0.9_p3_0.0_inst_2_sparse.h5,22500,0.00017777777777777779,-42288.0,1.0992095,9.565309971
tile_planting_2D_L_150_p1_0.0_p2_0.9_p3_0.0_inst_3_sparse.h5,22500,0.00017777777777777779,-42218.0,1.0268192,9.510896874
tile_planting_2D_L_150_p1_0.0_p2_0.9_p3_0.0_inst_4_sparse.h5,22500,0.00017777777777777779,-42294.0,1.0574088,9.607608024
tile_planting_2D_L_150_p1_0.0_p2_0.9_p3_0.0_inst_5_sparse.h5,22500,0.00017777777777777779,-42238.0,1.0356139,9.565528283
tile_planting_2D_L_150_p1_0.0_p2_0.9_p3_0.0_inst_6_sparse.h5,22500,0.00017777777777777779,-42332.0,1.0148249,9.56185448
tile_planting_2D_L_150_p1_0.0_p2_0.9_p3_0.0_inst_7_sparse.h5,22500,0.00017777777777777779,-42304.0,1.0154897,9.557751491
tile_planting_2D_L_150_p1_0.0_p2_0.9_p3_0.0_inst_8_sparse.h5,22500,0.00017777777777777779,-42338.0,0.996165,9.556009551
tile_planting_2D_L_150_p1_0.0_p2_0.9_p3_0.0_inst_9_sparse.h5,22500,0.00017777777777777779,-42336.0,1.0008419,9.560338609
tile_planting_2D_L_150_p1_0.0_p2_1.0_p3_0.0_inst_10_sparse.h5,22500,0.00017777777777777779,-44456.0,1.2088889,9.539461855
tile_planting_2D_L_150_p1_0.0_p2_1.0_p3_0.0_inst_1_sparse.h5,22500,0.00017777777777777779,-44434.0,1.2577778,9.605297754
tile_planting_2D_L_150_p1_0.0_p2_1.0_p3_0.0_inst_2_sparse.h5,22500,0.00017777777777777779,-44434.0,1.2577778,9.567187498
tile_planting_2D_L_150_p1_0.0_p2_1.0_p3_0.0_inst_3_sparse.h5,22500,0.00017777777777777779,-44424.0,1.28,9.556247083
tile_planting_2D_L_150_p1_0.0_p2_1.0_p3_0.0_inst_4_sparse.h5,22500,0.00017777777777777779,-44416.0,1.2977778,9.563586887
tile_planting_2D_L_150_p1_0.0_p2_1.0_p3_0.0_inst_5_sparse.h5,22500,0.00017777777777777779,-44406.0,1.3199999,9.551334267
tile_planting_2D_L_150_p1_0.0_p2_1.0_p3_0.0_inst_6_sparse.h5,22500,0.00017777777777777779,-44420.0,1.2888889,9.558833498
tile_planting_2D_L_150_p1_0.0_p2_1.0_p3_0.0_inst_7_sparse.h5,22500,0.00017777777777777779,-44412.0,1.3066667,9.561824526
tile_planting_2D_L_150_p1_0.0_p2_1.0_p3_0.0_inst_8_sparse.h5,22500,0.00017777777777777779,-44402.0,1.3288889,9.66695739
tile_planting_2D_L_150_p1_0.0_p2_1.0_p3_0.0_inst_9_sparse.h5,22500,0.00017777777777777779,-44456.0,1.2088889,9.674921287
tile_planting_2D_L_200_p1_0.0_p2_0.0_p3_0.0_inst_10_sparse.h5,40000,0.0001,-40000.0,0.0,16.844106121
tile_planting_2D_L_200_p1_0.0_p2_0.0_p3_0.0_inst_1_sparse.h5,40000,0.0001,-40000.0,0.0,16.959968753
tile_planting_2D_L_200_p1_0.0_p2_0.0_p3_0.0_inst_2_sparse.h5,40000,0.0001,-40000.0,0.0,16.759137593
tile_planting_2D_L_200_p1_0.0_p2_0.0_p3_0.0_inst_3_sparse.h5,40000,0.0001,-40000.0,0.0,16.694813894
tile_planting_2D_L_200_p1_0.0_p2_0.0_p3_0.0_inst_4_sparse.h5,40000,0.0001,-40000.0,0.0,16.918517709
tile_planting_2D_L_200_p1_0.0_p2_0.0_p3_0.0_inst_5_sparse.h5,40000,0.0001,-40000.0,0.0,16.763681197
tile_planting_2D_L_200_p1_0.0_p2_0.0_p3_0.0_inst_6_sparse.h5,40000,0.0001,-40000.0,0.0,16.726541295
tile_planting_2D_L_200_p1_0.0_p2_0.0_p3_0.0_inst_7_sparse.h5,40000,0.0001,-40000.0,0.0,16.803509303
tile_planting_2D_L_200_p1_0.0_p2_0.0_p3_0.0_inst_8_sparse.h5,40000,0.0001,-40000.0,0.0,16.825994073
tile_planting_2D_L_200_p1_0.0_p2_0.0_p3_0.0_inst_9_sparse.h5,40000,0.0001,-40000.0,0.0,16.8439017
tile_planting_2D_L_200_p1_0.0_p2_0.1_p3_0.0_inst_10_sparse.h5,40000,0.0001,-44076.0,0.0,16.686231102
tile_planting_2D_L_200_p1_0.0_p2_0.1_p3_0.0_inst_1_sparse.h5,40000,0.0001,-43868.0,0.0,16.733617312
tile_planting_2D_L_200_p1_0.0_p2_0.1_p3_0.0_inst_2_sparse.h5,40000,0.0001,-43996.0,0.0,16.712408351
tile_planting_2D_L_200_p1_0.0_p2_0.1_p3_0.0_inst_3_sparse.h5,40000,0.0001,-44016.0,0.0,16.965013148
tile_planting_2D_L_200_p1_0.0_p2_0.1_p3_0.0_inst_4_sparse.h5,40000,0.0001,-44044.0,0.0,16.680044
tile_planting_2D_L_200_p1_0.0_p2_0.1_p3_0.0_inst_5_sparse.h5,40000,0.0001,-44016.0,0.0,16.672000516
tile_planting_2D_L_200_p1_0.0_p2_0.1_p3_0.0_inst_6_sparse.h5,40000,0.0001,-43948.0,0.0,16.7915952
tile_planting_2D_L_200_p1_0.0_p2_0.1_p3_0.0_inst_7_sparse.h5,40000,0.0001,-44134.0,0.0,16.730276408
tile_planting_2D_L_200_p1_0.0_p2_0.1_p3_0.0_inst_8_sparse.h5,40000,0.0001,-44024.0,0.0,16.732227491
tile_planting_2D_L_200_p1_0.0_p2_0.1_p3_0.0_inst_9_sparse.h5,40000,0.0001,-43992.0,0.0,16.804789497
tile_planting_2D_L_200_p1_0.0_p2_0.2_p3_0.0_inst_10_sparse.h5,40000,0.0001,-48068.0,0.0,16.778622567
tile_planting_2D_L_200_p1_0.0_p2_0.2_p3_0.0_inst_1_sparse.h5,40000,0.0001,-47904.0,0.0,16.755800478
tile_planting_2D_L_200_p1_0.0_p2_0.2_p3_0.0_inst_2_sparse.h5,40000,0.0001,-48112.0,0.0,16.888766449
tile_planting_2D_L_200_p1_0.0_p2_0.2_p3_0.0_inst_3_sparse.h5,40000,0.0001,-48162.0,0.0,16.751144154
tile_planting_2D_L_200_p1_0.0_p2_0.2_p3_0.0_inst_4_sparse.h5,40000,0.0001,-48240.0,0.0,16.849436121
tile_planting_2D_L_200_p1_0.0_p2_0.2_p3_0.0_inst_5_sparse.h5,40000,0.0001,-47890.0,0.0,16.735122785
tile_planting_2D_L_200_p1_0.0_p2_0.2_p3_0.0_inst_6_sparse.h5,40000,0.0001,-47982.0,0.0,16.680754988
tile_planting_2D_L_200_p1_0.0_p2_0.2_p3_0.0_inst_7_sparse.h5,40000,0.0001,-47902.0,0.0,16.924901859
tile_planting_2D_L_200_p1_0.0_p2_0.2_p3_0.0_inst_8_sparse.h5,40000,0.0001,-48014.0,0.0,16.77486567
tile_planting_2D_L_200_p1_0.0_p2_0.2_p3_0.0_inst_9_sparse.h5,40000,0.0001,-48080.0,0.0,16.833400325
tile_planting_2D_L_200_p1_0.0_p2_0.8_p3_0.0_inst_10_sparse.h5,40000,0.0001,-71516.0,0.8567388,16.748522097
tile_planting_2D_L_200_p1_0.0_p2_0.8_p3_0.0_inst_1_sparse.h5,40000,0.0001,-71522.0,0.85116994,16.846992026
tile_planting_2D_L_200_p1_0.0_p2_0.8_p3_0.0_inst_2_sparse.h5,40000,0.0001,-71230.0,0.8463487,16.76020939
tile_planting_2D_L_200_p1_0.0_p2_0.8_p3_0.0_inst_3_sparse.h5,40000,0.0001,-71256.0,0.8819029,16.765185871
tile_planting_2D_L_200_p1_0.0_p2_0.8_p3_0.0_inst_4_sparse.h5,40000,0.0001,-71340.0,0.85056704,16.737023266
tile_planting_2D_L_200_p1_0.0_p2_0.8_p3_0.0_inst_5_sparse.h5,40000,0.0001,-71384.0,0.8693237,16.729958566
tile_planting_2D_L_200_p1_0.0_p2_0.8_p3_0.0_inst_6_sparse.h5,40000,0.0001,-71316.0,0.88667756,16.854722299
tile_planting_2D_L_200_p1_0.0_p2_0.8_p3_0.0_inst_7_sparse.h5,40000,0.0001,-71490.0,0.8707951,16.766067284
tile_planting_2D_L_200_p1_0.0_p2_0.8_p3_0.0_inst_8_sparse.h5,40000,0.0001,-71158.0,0.8803454,16.798105341
tile_planting_2D_L_200_p1_0.0_p2_0.8_p3_0.0_inst_9_sparse.h5,40000,0.0001,-71460.0,0.8491509,16.788213829
tile_planting_2D_L_200_p1_0.0_p2_0.9_p3_0.0_inst_10_sparse.h5,40000,0.0001,-75212.0,1.0836972,16.738265094
tile_planting_2D_L_200_p1_0.0_p2_0.9_p3_0.0_inst_1_sparse.h5,40000,0.0001,-75146.0,1.0742214,16.90747487
tile_planting_2D_L_200_p1_0.0_p2_0.9_p3_0.0_inst_2_sparse.h5,40000,0.0001,-75232.0,1.0834122,16.749548125
tile_planting_2D_L_200_p1_0.0_p2_0.9_p3_0.0_inst_3_sparse.h5,40000,0.0001,-75080.0,1.0907942,16.674621741
tile_planting_2D_L_200_p1_0.0_p2_0.9_p3_0.0_inst_4_sparse.h5,40000,0.0001,-75122.0,1.0927955,16.755554694
tile_planting_2D_L_200_p1_0.0_p2_0.9_p3_0.0_inst_5_sparse.h5,40000,0.0001,-75088.0,1.1063113,16.845580514
tile_planting_2D_L_200_p1_0.0_p2_0.9_p3_0.0_inst_6_sparse.h5,40000,0.0001,-75090.0,1.0880446,16.714290451
tile_planting_2D_L_200_p1_0.0_p2_0.9_p3_0.0_inst_7_sparse.h5,40000,0.0001,-75332.0,1.0975738,16.92345134
tile_planting_2D_L_200_p1_0.0_p2_0.9_p3_0.0_inst_8_sparse.h5,40000,0.0001,-75216.0,1.0940459,16.714322708
tile_planting_2D_L_200_p1_0.0_p2_0.9_p3_0.0_inst_9_sparse.h5,40000,0.0001,-75154.0,1.136573,16.933776401
tile_planting_2D_L_200_p1_0.0_p2_1.0_p3_0.0_inst_10_sparse.h5,40000,0.0001,-78938.0,1.3275,16.774104721
tile_planting_2D_L_200_p1_0.0_p2_1.0_p3_0.0_inst_1_sparse.h5,40000,0.0001,-78926.0,1.3425,16.69727164
tile_planting_2D_L_200_p1_0.0_p2_1.0_p3_0.0_inst_2_sparse.h5,40000,0.0001,-78936.0,1.3299999,16.700679952
tile_planting_2D_L_200_p1_0.0_p2_1.0_p3_0.0_inst_3_sparse.h5,40000,0.0001,-78934.0,1.3325,16.881472133
tile_planting_2D_L_200_p1_0.0_p2_1.0_p3_0.0_inst_4_sparse.h5,40000,0.0001,-78920.0,1.35,16.750477299
tile_planting_2D_L_200_p1_0.0_p2_1.0_p3_0.0_inst_5_sparse.h5,40000,0.0001,-78950.0,1.3125,16.868540539
tile_planting_2D_L_200_p1_0.0_p2_1.0_p3_0.0_inst_6_sparse.h5,40000,0.0001,-78940.0,1.3249999,16.675025135
tile_planting_2D_L_200_p1_0.0_p2_1.0_p3_0.0_inst_7_sparse.h5,40000,0.0001,-78912.0,1.36,16.882076667
tile_planting_2D_L_200_p1_0.0_p2_1.0_p3_0.0_inst_8_sparse.h5,40000,0.0001,-78962.0,1.2975,16.797599174
tile_planting_2D_L_200_p1_0.0_p2_1.0_p3_0.0_inst_9_sparse.h5,40000,0.0001,-78942.0,1.3225,16.714728441
tile_planting_2D_L_250_p1_0.0_p2_0.0_p3_0.0_inst_10_sparse.h5,62500,6.4e-5,-62500.0,0.0,26.41867004
tile_planting_2D_L_250_p1_0.0_p2_0.0_p3_0.0_inst_1_sparse.h5,62500,6.4e-5,-62500.0,0.0,26.157350532
tile_planting_2D_L_250_p1_0.0_p2_0.0_p3_0.0_inst_2_sparse.h5,62500,6.4e-5,-62500.0,0.0,26.198745841
tile_planting_2D_L_250_p1_0.0_p2_0.0_p3_0.0_inst_3_sparse.h5,62500,6.4e-5,-62500.0,0.0,26.086621167
tile_planting_2D_L_250_p1_0.0_p2_0.0_p3_0.0_inst_4_sparse.h5,62500,6.4e-5,-62500.0,0.0,26.378646426
tile_planting_2D_L_250_p1_0.0_p2_0.0_p3_0.0_inst_5_sparse.h5,62500,6.4e-5,-62500.0,0.0,26.113021804
tile_planting_2D_L_250_p1_0.0_p2_0.0_p3_0.0_inst_6_sparse.h5,62500,6.4e-5,-62500.0,0.0,26.30222048
tile_planting_2D_L_250_p1_0.0_p2_0.0_p3_0.0_inst_7_sparse.h5,62500,6.4e-5,-62500.0,0.0,26.152362326
tile_planting_2D_L_250_p1_0.0_p2_0.0_p3_0.0_inst_8_sparse.h5,62500,6.4e-5,-62500.0,0.0,26.315248865
tile_planting_2D_L_250_p1_0.0_p2_0.0_p3_0.0_inst_9_sparse.h5,62500,6.4e-5,-62500.0,0.0,26.176648744
tile_planting_2D_L_250_p1_0.0_p2_0.1_p3_0.0_inst_10_sparse.h5,62500,6.4e-5,-68846.0,0.0,26.401398947
tile_planting_2D_L_250_p1_0.0_p2_0.1_p3_0.0_inst_1_sparse.h5,62500,6.4e-5,-68750.0,0.0,26.132009952
tile_planting_2D_L_250_p1_0.0_p2_0.1_p3_0.0_inst_2_sparse.h5,62500,6.4e-5,-68720.0,0.0,26.218282507
tile_planting_2D_L_250_p1_0.0_p2_0.1_p3_0.0_inst_3_sparse.h5,62500,6.4e-5,-68784.0,0.0,26.156215775
tile_planting_2D_L_250_p1_0.0_p2_0.1_p3_0.0_inst_4_sparse.h5,62500,6.4e-5,-68750.0,0.0,26.154299868
tile_planting_2D_L_250_p1_0.0_p2_0.1_p3_0.0_inst_5_sparse.h5,62500,6.4e-5,-68624.0,0.0,26.257068522
tile_planting_2D_L_250_p1_0.0_p2_0.1_p3_0.0_inst_6_sparse.h5,62500,6.4e-5,-68718.0,0.0,26.237937792
tile_planting_2D_L_250_p1_0.0_p2_0.1_p3_0.0_inst_7_sparse.h5,62500,6.4e-5,-68540.0,0.0,26.251965086
tile_planting_2D_L_250_p1_0.0_p2_0.1_p3_0.0_inst_8_sparse.h5,62500,6.4e-5,-68868.0,0.0,26.101839659
tile_planting_2D_L_250_p1_0.0_p2_0.1_p3_0.0_inst_9_sparse.h5,62500,6.4e-5,-68534.0,0.0,26.310048185
tile_planting_2D_L_250_p1_0.0_p2_0.2_p3_0.0_inst_10_sparse.h5,62500,6.4e-5,-75198.0,0.0,26.143803381
tile_planting_2D_L_250_p1_0.0_p2_0.2_p3_0.0_inst_1_sparse.h5,62500,6.4e-5,-74720.0,0.0,26.273364996
tile_planting_2D_L_250_p1_0.0_p2_0.2_p3_0.0_inst_2_sparse.h5,62500,6.4e-5,-75042.0,0.0,26.297201622
tile_planting_2D_L_250_p1_0.0_p2_0.2_p3_0.0_inst_3_sparse.h5,62500,6.4e-5,-75120.0,0.0,26.131031451
tile_planting_2D_L_250_p1_0.0_p2_0.2_p3_0.0_inst_4_sparse.h5,62500,6.4e-5,-75002.0,0.0,26.281327096
tile_planting_2D_L_250_p1_0.0_p2_0.2_p3_0.0_inst_5_sparse.h5,62500,6.4e-5,-74748.0,0.0,26.163939817
tile_planting_2D_L_250_p1_0.0_p2_0.2_p3_0.0_inst_6_sparse.h5,62500,6.4e-5,-74996.0,0.0,26.395774491
tile_planting_2D_L_250_p1_0.0_p2_0.2_p3_0.0_inst_7_sparse.h5,62500,6.4e-5,-74900.0,0.0,26.202097345
tile_planting_2D_L_250_p1_0.0_p2_0.2_p3_0.0_inst_8_sparse.h5,62500,6.4e-5,-75058.0,0.0,26.329704014
tile_planting_2D_L_250_p1_0.0_p2_0.2_p3_0.0_inst_9_sparse.h5,62500,6.4e-5,-75078.0,0.0,26.370759658
tile_planting_2D_L_250_p1_0.0_p2_0.8_p3_0.0_inst_10_sparse.h5,62500,6.4e-5,-111578.0,0.87770724,26.381500411
tile_planting_2D_L_250_p1_0.0_p2_0.8_p3_0.0_inst_1_sparse.h5,62500,6.4e-5,-111434.0,0.8700139,26.218109675
tile_planting_2D_L_250_p1_0.0_p2_0.8_p3_0.0_inst_2_sparse.h5,62500,6.4e-5,-111466.0,0.8873951,26.097708224
tile_planting_2D_L_250_p1_0.0_p2_0.8_p3_0.0_inst_3_sparse.h5,62500,6.4e-5,-111258.0,0.8731445,26.394039542
tile_planting_2D_L_250_p1_0.0_p2_0.8_p3_0.0_inst_4_sparse.h5,62500,6.4e-5,-111574.0,0.90238917,26.215592493
tile_planting_2D_L_250_p1_0.0_p2_0.8_p3_0.0_inst_5_sparse.h5,62500,6.4e-5,-111762.0,0.89209706,26.245563856
tile_planting_2D_L_250_p1_0.0_p2_0.8_p3_0.0_inst_6_sparse.h5,62500,6.4e-5,-111630.0,0.88082254,26.340966984
tile_planting_2D_L_250_p1_0.0_p2_0.8_p3_0.0_inst_7_sparse.h5,62500,6.4e-5,-111392.0,0.9109024,26.122399531
tile_planting_2D_L_250_p1_0.0_p2_0.8_p3_0.0_inst_8_sparse.h5,62500,6.4e-5,-111416.0,0.8913163,26.335678902
tile_planting_2D_L_250_p1_0.0_p2_0.8_p3_0.0_inst_9_sparse.h5,62500,6.4e-5,-111402.0,0.87555385,26.187241213
tile_planting_2D_L_250_p1_0.0_p2_0.9_p3_0.0_inst_10_sparse.h5,62500,6.4e-5,-117280.0,1.1229892,26.4156378
tile_planting_2D_L_250_p1_0.0_p2_0.9_p3_0.0_inst_1_sparse.h5,62500,6.4e-5,-117398.0,1.1418562,26.218693665
tile_planting_2D_L_250_p1_0.0_p2_0.9_p3_0.0_inst_2_sparse.h5,62500,6.4e-5,-117362.0,1.1238794,26.392266853
tile_planting_2D_L_250_p1_0.0_p2_0.9_p3_0.0_inst_3_sparse.h5,62500,6.4e-5,-117442.0,1.1414334,26.132100366
tile_planting_2D_L_250_p1_0.0_p2_0.9_p3_0.0_inst_4_sparse.h5,62500,6.4e-5,-117456.0,1.1379704,26.338456292
tile_planting_2D_L_250_p1_0.0_p2_0.9_p3_0.0_inst_5_sparse.h5,62500,6.4e-5,-117512.0,1.124125,26.352613703
tile_planting_2D_L_250_p1_0.0_p2_0.9_p3_0.0_inst_6_sparse.h5,62500,6.4e-5,-117448.0,1.1080799,26.34291865
tile_planting_2D_L_250_p1_0.0_p2_0.9_p3_0.0_inst_7_sparse.h5,62500,6.4e-5,-117430.0,1.1531986,26.182591929
tile_planting_2D_L_250_p1_0.0_p2_0.9_p3_0.0_inst_8_sparse.h5,62500,6.4e-5,-117502.0,1.1275475,26.221153598
tile_planting_2D_L_250_p1_0.0_p2_0.9_p3_0.0_inst_9_sparse.h5,62500,6.4e-5,-117346.0,1.1090324,26.353696914
tile_planting_2D_L_250_p1_0.0_p2_1.0_p3_0.0_inst_10_sparse.h5,62500,6.4e-5,-123272.0,1.3824,26.255837074
tile_planting_2D_L_250_p1_0.0_p2_1.0_p3_0.0_inst_1_sparse.h5,62500,6.4e-5,-123324.0,1.3407999,26.149845287
tile_planting_2D_L_250_p1_0.0_p2_1.0_p3_0.0_inst_2_sparse.h5,62500,6.4e-5,-123286.0,1.3712,26.344210551
tile_planting_2D_L_250_p1_0.0_p2_1.0_p3_0.0_inst_3_sparse.h5,62500,6.4e-5,-123264.0,1.3887999,26.254448992
tile_planting_2D_L_250_p1_0.0_p2_1.0_p3_0.0_inst_4_sparse.h5,62500,6.4e-5,-123352.0,1.3184,26.037586509
tile_planting_2D_L_250_p1_0.0_p2_1.0_p3_0.0_inst_5_sparse.h5,62500,6.4e-5,-123280.0,1.3759999,26.22640048
tile_planting_2D_L_250_p1_0.0_p2_1.0_p3_0.0_inst_6_sparse.h5,62500,6.4e-5,-123292.0,1.3664,26.096251805
tile_planting_2D_L_250_p1_0.0_p2_1.0_p3_0.0_inst_7_sparse.h5,62500,6.4e-5,-123274.0,1.3808,26.271943006
tile_planting_2D_L_250_p1_0.0_p2_1.0_p3_0.0_inst_8_sparse.h5,62500,6.4e-5,-123276.0,1.3792,26.177083739
tile_planting_2D_L_250_p1_0.0_p2_1.0_p3_0.0_inst_9_sparse.h5,62500,6.4e-5,-123256.0,1.3952,26.180687262
tile_planting_2D_L_300_p1_0.0_p2_0.0_p3_0.0_inst_10_sparse.h5,90000,4.4444444444444447e-5,-90000.0,0.0,37.660006914
tile_planting_2D_L_300_p1_0.0_p2_0.0_p3_0.0_inst_1_sparse.h5,90000,4.4444444444444447e-5,-90000.0,0.0,37.915852627
tile_planting_2D_L_300_p1_0.0_p2_0.0_p3_0.0_inst_2_sparse.h5,90000,4.4444444444444447e-5,-90000.0,0.0,37.642345698
tile_planting_2D_L_300_p1_0.0_p2_0.0_p3_0.0_inst_3_sparse.h5,90000,4.4444444444444447e-5,-90000.0,0.0,37.854399866
tile_planting_2D_L_300_p1_0.0_p2_0.0_p3_0.0_inst_4_sparse.h5,90000,4.4444444444444447e-5,-90000.0,0.0,37.521066149
tile_planting_2D_L_300_p1_0.0_p2_0.0_p3_0.0_inst_5_sparse.h5,90000,4.4444444444444447e-5,-90000.0,0.0,37.592976489
tile_planting_2D_L_300_p1_0.0_p2_0.0_p3_0.0_inst_6_sparse.h5,90000,4.4444444444444447e-5,-90000.0,0.0,37.819393024
tile_planting_2D_L_300_p1_0.0_p2_0.0_p3_0.0_inst_7_sparse.h5,90000,4.4444444444444447e-5,-90000.0,0.0,37.701026615
tile_planting_2D_L_300_p1_0.0_p2_0.0_p3_0.0_inst_8_sparse.h5,90000,4.4444444444444447e-5,-90000.0,0.0,37.897248839
tile_planting_2D_L_300_p1_0.0_p2_0.0_p3_0.0_inst_9_sparse.h5,90000,4.4444444444444447e-5,-90000.0,0.0,37.686906282
tile_planting_2D_L_300_p1_0.0_p2_0.1_p3_0.0_inst_10_sparse.h5,90000,4.4444444444444447e-5,-99028.0,0.0,37.642403859
tile_planting_2D_L_300_p1_0.0_p2_0.1_p3_0.0_inst_1_sparse.h5,90000,4.4444444444444447e-5,-99056.0,0.0,37.565212871
tile_planting_2D_L_300_p1_0.0_p2_0.1_p3_0.0_inst_2_sparse.h5,90000,4.4444444444444447e-5,-98914.0,0.0,37.900124076
tile_planting_2D_L_300_p1_0.0_p2_0.1_p3_0.0_inst_3_sparse.h5,90000,4.4444444444444447e-5,-98544.0,0.0,37.654853925
tile_planting_2D_L_300_p1_0.0_p2_0.1_p3_0.0_inst_4_sparse.h5,90000,4.4444444444444447e-5,-99080.0,0.0,37.817561926
tile_planting_2D_L_300_p1_0.0_p2_0.1_p3_0.0_inst_5_sparse.h5,90000,4.4444444444444447e-5,-98942.0,0.0,37.654127277
tile_planting_2D_L_300_p1_0.0_p2_0.1_p3_0.0_inst_6_sparse.h5,90000,4.4444444444444447e-5,-98704.0,0.0,37.640278187
tile_planting_2D_L_300_p1_0.0_p2_0.1_p3_0.0_inst_7_sparse.h5,90000,4.4444444444444447e-5,-98996.0,0.0,37.768315759
tile_planting_2D_L_300_p1_0.0_p2_0.1_p3_0.0_inst_8_sparse.h5,90000,4.4444444444444447e-5,-99294.0,0.0,37.533399
tile_planting_2D_L_300_p1_0.0_p2_0.1_p3_0.0_inst_9_sparse.h5,90000,4.4444444444444447e-5,-98760.0,0.0,37.577682922
tile_planting_2D_L_300_p1_0.0_p2_0.2_p3_0.0_inst_10_sparse.h5,90000,4.4444444444444447e-5,-108224.0,0.0,37.636751792
tile_planting_2D_L_300_p1_0.0_p2_0.2_p3_0.0_inst_1_sparse.h5,90000,4.4444444444444447e-5,-108254.0,0.0,37.639472864
tile_planting_2D_L_300_p1_0.0_p2_0.2_p3_0.0_inst_2_sparse.h5,90000,4.4444444444444447e-5,-108098.0,0.0,37.638941631
tile_planting_2D_L_300_p1_0.0_p2_0.2_p3_0.0_inst_3_sparse.h5,90000,4.4444444444444447e-5,-107944.0,0.0,37.873705497
tile_planting_2D_L_300_p1_0.0_p2_0.2_p3_0.0_inst_4_sparse.h5,90000,4.4444444444444447e-5,-107696.0,0.0,37.65437112
tile_planting_2D_L_300_p1_0.0_p2_0.2_p3_0.0_inst_5_sparse.h5,90000,4.4444444444444447e-5,-108164.0,0.0,37.936287628
tile_planting_2D_L_300_p1_0.0_p2_0.2_p3_0.0_inst_6_sparse.h5,90000,4.4444444444444447e-5,-108114.0,0.0,37.570793963
tile_planting_2D_L_300_p1_0.0_p2_0.2_p3_0.0_inst_7_sparse.h5,90000,4.4444444444444447e-5,-107958.0,0.0,37.842790883
tile_planting_2D_L_300_p1_0.0_p2_0.2_p3_0.0_inst_8_sparse.h5,90000,4.4444444444444447e-5,-108104.0,0.0,37.622914689
tile_planting_2D_L_300_p1_0.0_p2_0.2_p3_0.0_inst_9_sparse.h5,90000,4.4444444444444447e-5,-108168.0,0.0,37.62282186
tile_planting_2D_L_300_p1_0.0_p2_0.8_p3_0.0_inst_10_sparse.h5,90000,4.4444444444444447e-5,-160518.0,0.901357,37.604109876
tile_planting_2D_L_300_p1_0.0_p2_0.8_p3_0.0_inst_1_sparse.h5,90000,4.4444444444444447e-5,-160554.0,0.9427327,38.024501153
tile_planting_2D_L_300_p1_0.0_p2_0.8_p3_0.0_inst_2_sparse.h5,90000,4.4444444444444447e-5,-160570.0,0.9108525,37.835602355
tile_planting_2D_L_300_p1_0.0_p2_0.8_p3_0.0_inst_3_sparse.h5,90000,4.4444444444444447e-5,-160194.0,0.91051924,37.684037984
tile_planting_2D_L_300_p1_0.0_p2_0.8_p3_0.0_inst_4_sparse.h5,90000,4.4444444444444447e-5,-160662.0,0.8736534,37.806631353
tile_planting_2D_L_300_p1_0.0_p2_0.8_p3_0.0_inst_5_sparse.h5,90000,4.4444444444444447e-5,-160586.0,0.9009787,37.721848882
tile_planting_2D_L_300_p1_0.0_p2_0.8_p3_0.0_inst_6_sparse.h5,90000,4.4444444444444447e-5,-160430.0,0.8847043,37.850531289
tile_planting_2D_L_300_p1_0.0_p2_0.8_p3_0.0_inst_7_sparse.h5,90000,4.4444444444444447e-5,-160382.0,0.89966506,37.651691624
tile_planting_2D_L_300_p1_0.0_p2_0.8_p3_0.0_inst_8_sparse.h5,90000,4.4444444444444447e-5,-160368.0,0.90586656,37.706409496
tile_planting_2D_L_300_p1_0.0_p2_0.8_p3_0.0_inst_9_sparse.h5,90000,4.4444444444444447e-5,-160812.0,0.91682065,37.62628993
tile_planting_2D_L_300_p1_0.0_p2_0.9_p3_0.0_inst_10_sparse.h5,90000,4.4444444444444447e-5,-169206.0,1.1000187,37.724825931
tile_planting_2D_L_300_p1_0.0_p2_0.9_p3_0.0_inst_1_sparse.h5,90000,4.4444444444444447e-5,-169304.0,1.1628993,37.772937661
tile_planting_2D_L_300_p1_0.0_p2_0.9_p3_0.0_inst_2_sparse.h5,90000,4.4444444444444447e-5,-169162.0,1.1268923,37.562239769
tile_planting_2D_L_300_p1_0.0_p2_0.9_p3_0.0_inst_3_sparse.h5,90000,4.4444444444444447e-5,-169088.0,1.1689891,37.682743625
tile_planting_2D_L_300_p1_0.0_p2_0.9_p3_0.0_inst_4_sparse.h5,90000,4.4444444444444447e-5,-169020.0,1.1602068,37.887568808
tile_planting_2D_L_300_p1_0.0_p2_0.9_p3_0.0_inst_5_sparse.h5,90000,4.4444444444444447e-5,-169192.0,1.1532664,37.821522634
tile_planting_2D_L_300_p1_0.0_p2_0.9_p3_0.0_inst_6_sparse.h5,90000,4.4444444444444447e-5,-169158.0,1.130386,37.744731906
tile_planting_2D_L_300_p1_0.0_p2_0.9_p3_0.0_inst_7_sparse.h5,90000,4.4444444444444447e-5,-169172.0,1.1395379,37.815790702
tile_planting_2D_L_300_p1_0.0_p2_0.9_p3_0.0_inst_8_sparse.h5,90000,4.4444444444444447e-5,-169284.0,1.1526469,37.561664099
tile_planting_2D_L_300_p1_0.0_p2_0.9_p3_0.0_inst_9_sparse.h5,90000,4.4444444444444447e-5,-168974.0,1.1605189,37.767039052
tile_planting_2D_L_300_p1_0.0_p2_1.0_p3_0.0_inst_10_sparse.h5,90000,4.4444444444444447e-5,-177516.0,1.38,37.561614802
tile_planting_2D_L_300_p1_0.0_p2_1.0_p3_0.0_inst_1_sparse.h5,90000,4.4444444444444447e-5,-177502.0,1.3877777,37.781002469
tile_planting_2D_L_300_p1_0.0_p2_1.0_p3_0.0_inst_2_sparse.h5,90000,4.4444444444444447e-5,-177558.0,1.3566667,37.707682595
tile_planting_2D_L_300_p1_0.0_p2_1.0_p3_0.0_inst_3_sparse.h5,90000,4.4444444444444447e-5,-177474.0,1.4033333,37.928710512
tile_planting_2D_L_300_p1_0.0_p2_1.0_p3_0.0_inst_4_sparse.h5,90000,4.4444444444444447e-5,-177522.0,1.3766667,37.677698184
tile_planting_2D_L_300_p1_0.0_p2_1.0_p3_0.0_inst_5_sparse.h5,90000,4.4444444444444447e-5,-177466.0,1.4077778,37.699973171
tile_planting_2D_L_300_p1_0.0_p2_1.0_p3_0.0_inst_6_sparse.h5,90000,4.4444444444444447e-5,-177496.0,1.3911111,37.703055316
tile_planting_2D_L_300_p1_0.0_p2_1.0_p3_0.0_inst_7_sparse.h5,90000,4.4444444444444447e-5,-177446.0,1.4188888,37.659516775
tile_planting_2D_L_300_p1_0.0_p2_1.0_p3_0.0_inst_8_sparse.h5,90000,4.4444444444444447e-5,-177476.0,1.4022222,37.734598471
tile_planting_2D_L_300_p1_0.0_p2_1.0_p3_0.0_inst_9_sparse.h5,90000,4.4444444444444447e-5,-177452.0,1.4155556,37.978097106
